SKU,Total_Revenue,Transactions,Avg_Sale,Last_Sale_Days,Revenue_Rank,Revenue_Share
3e64781a-32a6-4614-b8a8-938ca3464a28,83600801.2,11,7600072.836363637,36,1,25.708272067043524
5f0f394f-0cb2-499b-9171-146ad2cabf93,35929921.9996,12,2994160.1666333335,36,2,11.048891839009903
f4b57eb5-ebd6-49fb-ac39-9962f9ace466,23901462.2,6,3983577.033333333,36,3,7.34999287348644
0bffeb60-50b3-44b3-aec4-c8d5b553cfc4,13254931.2,6,2209155.1999999997,70,4,4.076053968721339
33f6c7fc-9976-4530-ae64-2e213a4b80cb,7987274.4,2,3993637.2,130,5,2.456184873851805
eec80c86-2c89-4419-91d3-508572925f65,6937537.6,54,128472.9185185185,3,6,2.133377928633346
1793358e-760b-4232-8410-10e9f61d4b5b,6916214.2,4,1729053.55,79,7,2.1268207215165993
094c23b2-101d-431a-a8ef-cc70741e8ec3,5971435.4,3,1990478.4666666668,83,8,1.8362896490276088
06d1a3a8-bbfe-42b7-a24e-966756c6920a,4859450.4,361,13461.081440443215,0,9,1.494340618586123
962fc7d5-63b0-4d56-a853-9ffc078e2da2,4751714.8,7,678816.4,70,10,1.4612105997782865
e1c86af3-5e14-44e6-8d14-1cc0a276850b,3973888.8,2,1986944.4,130,11,1.2220195616328269
9f229ead-1e87-4416-ac77-0beec8e6c2cc,3828536.6,3,1276178.8666666667,83,12,1.1773219768070091
31d62112-e42d-4be6-a205-4531f185167f,3786736.8,2,1893368.4,69,13,1.164468025465356
9e50a17c-bdd7-4f90-bbb2-735e1af7edf2,3743919.2,3,1247973.0666666667,69,14,1.1513010881363175
ce588b38-1b0b-4ce3-bf87-30ce771ba9ed,3717173.6,307,12108.057328990228,0,15,1.1430764879946105
f76a00b4-cd74-4a08-bb28-fcb6202ef95c,2867565.4,358,8009.9592178770945,0,16,0.8818115426534989
d03619a5-922c-4600-aac4-ffe4ea1a2a82,2859518.2,355,8054.980845070423,0,17,0.8793369299224202
6495774b-2e66-467d-b6c7-d99a4a622712,2281979.0,360,6338.830555555555,0,18,0.7017365400952631
51e336b7-ae48-4148-8cef-a3952a6a9dd5,2139583.6,357,5993.23137254902,0,19,0.6579482075464179
5c231ade-36f0-4a57-9be8-3bdf5332380d,1876939.4,335,5602.804179104477,0,20,0.5771818936653137
c605729c-c4a5-4a37-bd35-4a577e7ccfbe,1786226.4,357,5003.435294117647,0,21,0.549286533207719
dc4532ce-c61e-4f63-ba43-801bb42c5747,1719859.4,262,6564.348854961831,0,22,0.5288778664511439
3841682f-2d32-46ef-bc35-6c512d2e3702,1705200.0,10,170520.0,42,23,0.524369921094998
bf9911e4-fcf9-4b7c-a769-6344f9911448,1694775.6,2,847387.8,70,24,0.5211642901980577
4a459295-a991-4cb9-b93f-1f208339e9a5,1662943.8,356,4671.190449438202,0,25,0.5113756211537744
96e7bfdc-7063-4ab8-b0c8-7e7b2184361c,1596912.8,349,4575.681375358166,0,26,0.4910702785195827
f88f1e6f-4cff-426e-b488-9e257e11c2ae,1537449.2,347,4430.689337175792,0,27,0.47278449196080685
46e11f59-d7e1-4d72-94d9-8c323f1decfb,1341023.6,3,447007.8666666667,83,28,0.41238121001555844
e37d3f52-45de-401d-ae20-9131c8c99758,1325345.0,264,5020.246212121212,0,29,0.40755984815484997
8c3c1c5e-04e7-4563-9019-6fb302e72926,1289682.8,354,3643.1717514124293,0,30,0.39659328411539774
13955989-ea15-4471-b7c2-b5dc500f98a1,1287262.2,327,3936.5816513761465,0,31,0.39584891991706167
637ddf6a-8757-40eb-a709-822ab5c40b43,1192893.8,335,3560.8770149253733,0,32,0.36682947911137254
3de28e8a-1be8-4f57-9d40-9d1f03ee422b,1189616.4,288,4130.612499999999,16,33,0.36582163840095916
3495122c-11d9-4539-839a-f688d7c59f6d,1156531.6,350,3304.376,0,34,0.3556476564836218
075ef422-58e3-434a-ac69-8f809b09581f,1105165.6,343,3222.057142857143,0,35,0.3398519812742823
27e51282-5fae-422f-8829-8be27efcda88,1005078.2,201,5000.389054726368,0,36,0.30907387780219486
d3f67250-8d28-47e7-859f-b50698eeae7a,912101.4,360,2533.6150000000002,0,37,0.280482371070043
a4856cb9-df37-41c7-ab31-e903b2428127,910800.8,340,2678.8258823529413,0,38,0.2800824206129845
4a0c4f02-a553-419d-9ccf-c7e5f72da7c7,900268.6,355,2535.9678873239436,0,39,0.2768436398934461
3f7c211a-a6b4-487b-af2e-6569d479e199,891237.2,357,2496.4627450980392,0,40,0.27406637358721964
e2681bcd-8288-4cda-92d2-1ecc50cfb932,861624.4,357,2413.513725490196,0,41,0.2649600742678425
e9b071a4-058a-4182-b56e-bfce9f49cf6c,832295.8,45,18495.462222222224,9,42,0.2559411699353145
dbacffb4-c6cc-448f-87ae-7116ef8962d9,825848.8,37,22320.237837837838,0,43,0.2539586383370859
97c9c738-5637-438e-a028-f96b24361bc1,812660.8,322,2523.791304347826,0,44,0.24990316653354328
58154ce4-235d-40e3-8ee2-cde533d8ce15,798506.8,235,3397.901276595745,170,45,0.24555063787814885
dfb0fbe7-df85-4105-8cc2-10d61c12e0e8,783760.6,254,3085.671653543307,156,46,0.2410160004570539
3da3d741-ecd5-48c8-be1b-a085ddc125aa,765578.8,344,2225.5197674418605,0,47,0.23542487388459027
ac16e1ca-7a1a-4ab0-82e3-3de8d03a68ae,753828.6,356,2117.49606741573,0,48,0.23181154322141265
b4526702-7b5d-4ed5-b521-3e8589b65864,750314.6,22,34105.20909090909,9,49,0.23073094510815445
2dc65628-02c6-4778-9651-99469ee6597e,746797.8,320,2333.743125,8,50,0.2296494859605431
0a9b58a4-e7c2-4faf-b272-24e0551e11da,719429.2,341,2109.763049853372,0,51,0.2212333056752507
7d79b78a-f935-4623-ae5f-f0172817e000,711853.8,352,2022.3119318181818,0,52,0.21890377723268506
fb224ec3-69d2-4d2f-9702-2546842500d6,683495.4,354,1930.777966101695,0,53,0.21018322130353867
9a191882-6e33-47fd-ab36-2f29d26463a6,681758.0,267,2553.4007490636704,0,54,0.20964894948738194
36f9aff2-d952-4745-8391-08e5a64196f8,655043.2,356,1840.0089887640447,0,55,0.20143382072356028
c944edbe-b367-4aec-aeaf-ff59aa23d765,651992.6,326,1999.977300613497,0,56,0.20049572379575567
c1d3635d-6bcf-4bca-bc64-cc0fd0dd19db,631953.0,348,1815.9568965517242,1,57,0.194333300929948
88e09589-acad-41c3-be66-222d3e99b870,631642.2,6,105273.7,84,58,0.19423772611674345
75543932-a118-4c0b-aa78-765028da925d,625648.8,47,13311.676595744682,3,59,0.19239468208373225
a12cff01-e951-4eb6-9aa5-eefa0631c33f,625056.6,337,1854.767359050445,0,60,0.19221257331803174
00b82d84-8100-4031-ba60-5291c8618488,624422.4,300,2081.408,0,61,0.19201754903703339
43f2073a-4023-4d90-81fe-fe2746cd91c7,622672.4,221,2817.5221719457013,0,62,0.1914794025662873
7ff8ffc1-3836-4d3a-aed5-1fdffa0e3264,589758.4,336,1755.2333333333333,0,63,0.18135794374449465
835b023b-579f-4a66-af57-197297ff9edc,587752.2,357,1646.3647058823528,0,64,0.1807410126304313
fa13b857-5f48-4edd-85a0-85df5d093ac1,583172.8,346,1685.470520231214,0,65,0.17933279094578294
9cb78219-c5d8-4ed7-8ca8-c2e0d6c1bf68,554691.2,251,2209.9250996015935,156,66,0.17057434950509603
2aa85736-0ed1-4701-8bc6-074bfaac2094,549108.0,346,1587.0173410404625,0,67,0.1688574470048277
7f4f8338-1f81-4747-83b4-8f06cc71c212,538108.2,2,269054.1,83,68,0.165474873548306
95ae0cbd-9790-46da-82ba-43e81a840149,530730.2,343,1547.3183673469387,0,69,0.16320604802764047
3c5e9b09-5143-4688-a310-179d7700f8ca,528131.8,336,1571.8208333333334,0,70,0.16240700814787667
59e4150f-bc39-4d5d-a5b1-481f8ef4f9fa,513886.8,353,1455.769971671388,0,71,0.15802649587600343
e42fbc61-3cd3-4467-a931-a042cb22d8e3,513322.6,333,1541.5093093093092,0,72,0.15785299745383488
236805b1-4ea3-4209-a003-447af1b2b284,512064.0,3,170688.0,48,73,0.1574659625120743
8f8bddd8-5085-4153-b0dc-b30de70199a3,504000.0,6,84000.0,42,74,0.15498618357487629
824441f6-fc29-44ed-8e0b-86b80826628b,497891.8,8,62236.475,14,75,0.15310783713338408
52a35f35-82c7-4781-b1f8-9144e1e3c769,488313.0,356,1371.6657303370787,0,76,0.15016223861110825
88e24bea-fd6f-44d9-bcb1-0d8081275dec,479763.2,353,1359.102549575071,0,77,0.1475330702136311
0777ab5b-9131-4df3-8d77-0c526871e518,476226.8,352,1352.9170454545454,0,78,0.1464455838255474
b944673e-45f8-4773-a825-9df0e31c3228,474721.8,307,1546.3250814332248,1,79,0.14598277786070574
b3a0f642-5582-4305-996c-f68b59d90ea4,464402.39999999997,4,116100.59999999999,221,80,0.14280943575201013
edab920d-9da3-4504-8430-4c8591ff1b6e,464289.0,11,42208.09090909091,7,81,0.1427745638607058
fc3fbc89-12a9-421a-84c4-2df4c89dc081,463199.8,236,1962.7110169491525,0,82,0.14243962149731343
cff0579d-2e50-4fa3-890b-b0ab84d1f40c,444843.0,335,1327.889552238806,0,83,0.13679468027777517
03c67fc6-01a4-493e-8baf-24a457fa8624,443534.0,6,73922.33333333333,17,84,0.1363921467176571
1ffc3f3f-8965-49b1-b17f-431bccb6648a,432898.2,265,1633.5781132075472,0,85,0.1331215077270506
2ec87c33-55db-4f9d-b18f-9110099502ef,428131.2,347,1233.8074927953892,0,86,0.13165559674073823
41923eb1-c351-4d52-891c-ba0f28bf8b17,419442.8,6,69907.13333333333,206,87,0.128983807142778
b44be102-52fb-4fc7-a097-2006c2a9895d,414726.2,242,1713.7446280991735,1,88,0.12753339477482312
1dca8337-6fc4-4192-b7a9-4405d02d77bb,411507.6,275,1496.3912727272727,0,89,0.1265436357858269
90efde3b-c411-46f2-84ee-66a98e55a8ac,401262.4,13,30866.338461538464,17,90,0.12339311108749094
ffb5d13a-0042-471a-98cc-43de9aa6a1be,397727.4,32,12428.98125,9,91,0.12230605521658382
19aae0d0-ef06-46cc-b619-32ffd76f5313,385665.0,343,1124.3877551020407,0,92,0.1185967192230251
26d4d989-d3c1-4403-9e5c-15abd11adbc7,378273.0,339,1115.8495575221239,0,93,0.11632358853059359
55356553-52de-4413-8c9b-f03d07339903,369493.6,352,1049.6977272727272,0,94,0.11362381531615456
72a8cd54-97c0-487e-a1b3-1bfa60f880d3,365334.2,90,4059.268888888889,0,95,0.11234474878448525
5323c6be-3113-4d4a-ba5c-5541b214b2bf,355531.4,13,27348.569230769233,17,96,0.10933026751395392
05f822cc-508a-4c60-adca-25e358222727,355035.8,111,3198.5207207207204,0,97,0.1091778644334386
61db1ef4-5679-436a-8d6c-be2e43c9d251,346365.6,321,1079.0205607476635,0,98,0.10651167155877413
05a2187d-542d-492d-847d-9374238145da,344512.0,351,981.5156695156695,0,99,0.10594166681695988
ec7bffb6-3ca7-47aa-9c98-b5fb25c594e0,340456.2,269,1265.6364312267658,0,100,0.10469445855635871
ae9213c5-1f99-4f02-a036-53db68b55873,340452.0,283,1203.0106007067138,0,101,0.10469316700482893
55e33054-ea3a-46b8-ad8e-c3dee71e2bc9,338940.0,343,988.1632653061224,0,102,0.10422820845410428
6276f6bf-7842-4ad3-8af8-c704279b5631,336609.0,354,950.8728813559322,0,103,0.10351139735507049
8f5c8db1-9a6c-433b-b866-dc7156a990d3,335274.8,333,1006.8312312312312,0,104,0.10310111448577365
107efffc-0a54-4ad5-ac70-062beb3cbb10,330992.2,334,990.9946107784432,0,105,0.10178416244256382
4cf93465-0da5-454b-bd70-f5f71f6cc96e,328263.6,347,946.0046109510085,0,106,0.10094508446537649
a6ebb48b-4441-4dac-a758-3237b53ce9f9,326585.0,43,7595.0,8,107,0.10042889437063683
954d8c89-ff3c-4a63-ab56-a979c04b472d,321433.0,133,2416.7894736842104,9,108,0.09884459116076033
f9b0f539-234e-402f-9056-4ce39f5ffb35,319716.6,310,1031.3438709677419,0,109,0.09831677710225253
20e809bd-a0b3-4230-8a01-3e1f8d767f57,317280.6,348,911.7258620689654,0,110,0.09756767721497397
65e03626-5093-43df-adee-e513d93da44b,314130.6,333,943.335135135135,0,111,0.09659901356763101
ad68f3a7-3d49-4251-8657-85d84194a35a,311108.0,319,975.2601880877743,0,112,0.09566952698335834
14871f8b-1260-4c3f-9925-e98fc74ddac0,309211.0,17,18188.882352941175,9,113,0.09508617620906958
b182281b-e70f-41e7-8dca-5dc9672c9b76,308925.4,352,877.6289772727273,0,114,0.09499835070504381
3191aaad-a6af-432d-b653-371b8d99b9b6,308002.80000000005,2,154001.40000000002,200,115,0.09471463988566649
31d54628-c186-4d66-9c3c-885e21833178,304231.2,282,1078.8340425531915,0,116,0.09355482661191449
018d5591-eec7-4d4e-900c-352e8acc0664,298786.6,347,861.0564841498558,0,117,0.0918805453121292
db6508b7-6acf-45c8-9858-867279336c13,298642.4,333,896.8240240240241,0,118,0.09183620204293974
881d314c-54eb-4047-ab28-e42760c648db,294876.4,9,32764.044444444447,7,119,0.09067811083789414
bcce7b95-eafe-4434-8bf1-f78299f1ff3b,293934.2,333,882.6852852852853,0,120,0.09038837277804444
729d4685-2f26-4cc1-a38f-02d167d16108,281485.4,338,832.7970414201184,0,121,0.086560214043745
34810f3d-ada3-450d-afb5-d3f4048bf707,271483.8,4,67870.95,206,122,0.08348459933413689
94d9be80-7443-482e-820f-9eb519cd465c,267320.2,8,33415.025,27,123,0.08220424125093778
d28497be-de4f-4662-b087-954dd61e344a,261254.0,321,813.8753894080996,0,124,0.0803388103247435
99095d16-f2ff-4a3a-a59d-e2348db4efb2,261150.4,106,2463.6830188679246,0,125,0.08030695205367533
fb579d7e-b3f3-4d6e-87df-95cfb5a859b0,260782.2,324,804.8833333333333,0,126,0.08019372603623036
5668cfb8-a39c-4038-bbd6-82da2a59c066,259606.2,336,772.6375,0,127,0.07983209160788898
99bedc5a-340a-498a-8f58-876ee5f3b93e,254744.0,2,127372.0,197,128,0.07833690545356801
06f4a03c-c96b-477b-aa57-281b3faab3fa,253191.4,353,717.2560906515581,0,129,0.07785946190472208
02a42dae-4b46-42d2-a767-bbf051442964,252224.0,329,766.6382978723404,0,130,0.07756197453569363
7e7a37f1-2bf5-49e6-9e87-52da9cfbe887,249249.0,330,755.3,28,131,0.07664712553542527
468684c9-1198-4929-b71c-e19ae2376bc2,247367.4,275,899.5178181818181,0,132,0.07606851045007906
6fcb5917-3c7a-47e1-8cf6-09b73f0078bb,241306.8,2,120653.4,259,133,0.07420480159259117
5e8db808-a8a2-4019-8bb4-0073936b7584,241224.2,287,840.5024390243902,0,134,0.07417940107917197
92a13741-bcf0-4712-9ac3-8611b0408c6a,240667.0,53,4540.88679245283,3,135,0.0740080552428864
b4a44bd1-e1fd-4b82-aa75-4d376515c5d4,239703.8,9,26633.755555555555,16,136,0.07371185942538774
4e98dfb5-6a6c-4760-bfc7-503a5a108286,239471.4,41,5840.765853658537,3,137,0.07364039357407268
d2e0483d-ca6a-4db3-9bfd-ab82d6e0e53e,230522.6,295,781.4325423728814,0,138,0.07088852778126542
d1877996-6d6b-48c5-bdd2-01726c3d572c,229969.6,290,792.9986206896552,1,139,0.07071847349650966
86695f12-84d9-42ab-9516-a5737b00891a,225027.6,220,1022.8527272727273,0,140,0.06919874786312268
c0f88fa1-2d84-4d9d-a9fc-af3c44785c26,223850.2,279,802.3304659498208,1,141,0.0688366829176047
0018d4b9-2e31-489b-b900-5d6259a8a80f,218643.6,101,2164.7881188118813,0,142,0.06723558953784091
c02651b3-4ac7-451a-b9a2-e45534d045f6,215546.8,352,612.3488636363636,0,143,0.06628328554320861
50710867-683d-46ea-a187-3f657a251551,214102.0,4,53525.5,31,144,0.06583899181696064
6994b99b-f1b1-4fd2-8339-250e9d8c3a57,212650.2,257,827.4326848249028,1,145,0.06539254550482967
ab93a56d-8daa-4baa-acac-35238f3e7ec4,212116.8,61,3477.3245901639343,0,146,0.06522851846054625
714dd8b0-b47a-433f-91bb-c68d209cbca4,211090.6,349,604.8441260744986,0,147,0.06491294937010075
52849d15-5676-4058-86dd-fa20f3d53fd7,209931.4,289,726.4062283737024,1,148,0.06455648114787853
50111a9e-3293-47d9-ab88-8a4551dc7090,209286.0,3,69762.0,6,149,0.06435801272946738
263d27f6-2ef6-427f-98c7-1ae0692980a1,208465.6,317,657.620189274448,0,150,0.0641057296639816
44f4f1cf-c018-45b1-9073-50ade73e1e55,207559.8,3,69186.59999999999,6,151,0.0638271850507234
6b6f288e-2c37-4b98-97d2-92dd348ce6d8,206642.8,330,626.190303030303,0,152,0.06354519630005245
49333f6e-3148-403e-b00d-6342455c6efc,201703.6,105,1920.9866666666667,0,153,0.06202633170101868
63aea407-7a99-4bd1-bb15-344bde13eb34,198168.6,13,15243.738461538462,17,154,0.060939275830111564
d3cdad84-7125-44b6-b48f-e00bf50561a8,196476.0,26,7556.7692307692305,3,155,0.06041878056360593
9c9659cc-fdf8-41e8-a016-a91f9a951091,195433.0,6,32572.166666666668,28,156,0.06009804526704125
e9ea3234-3000-4549-a34b-7f75b0927c73,191263.8,313,611.0664536741214,0,157,0.05881596511513575
ece0f93b-bb64-42b9-9265-2a6fe2729524,189610.4,350,541.744,0,158,0.05830752432957484
0195b176-bb1d-40ce-ad62-6019210574f2,189513.8,293,646.8047781569966,0,159,0.05827781864438965
970802cb-bf82-4d54-bced-5fd53cd9faf2,189509.6,6,31584.933333333334,255,160,0.05827652709285986
8b3368c0-5f30-4b7b-8a6b-e3f5a85cb90c,187418.0,342,548.0058479532164,0,161,0.05763333443102413
171e4625-539f-4c74-a787-4d8f17437d71,183472.8,5,36694.56,142,162,0.05642013702737412
3b7988b0-5e3f-4b47-8d17-313a27875ae7,183369.2,346,529.9687861271676,0,163,0.05638827875630596
a0ed9eeb-36fd-4366-8d7b-28705432725f,181060.6,337,537.2718100890207,0,164,0.0556783559320977
d5902b54-f209-4e1e-8543-e47bf99c5092,178144.4,306,582.1712418300654,0,165,0.05478158865324641
69ffb96f-543b-4485-b448-3f55335843b2,176264.19999999998,4,44066.049999999996,142,166,0.05420340408507679
9f029ac1-faa1-4b3a-a493-2a2cd7e9bae7,174753.6,26,6721.292307692308,3,167,0.053738876051528765
b892d78c-c0e5-4605-8dc9-211d9128d6a0,174722.8,237,737.2270042194092,23,168,0.053729404673643635
98578305-cbf4-4e27-810b-124ea5b3afd6,171354.4,200,856.7719999999999,1,169,0.05269358034675155
9bc0f716-5fd2-4c6c-8696-21ecfe15fd94,169848.0,245,693.2571428571429,0,170,0.0522303438647333
25a64548-43ec-419f-92c6-5ef019341040,168841.4,289,584.2262975778547,0,171,0.05192080201476014
e8ada84b-b1f4-405c-b134-992b0af5537c,168373.8,344,489.4587209302325,0,172,0.051777009277776787
27db1ea1-cb34-45d7-81bd-9fdab2b4fd01,165613.0,249,665.1124497991968,24,173,0.05092802940552775
4a75dcf1-f34c-445e-bcc8-df1b39a585e4,163959.6,4,40989.9,140,174,0.050419588619966836
9bef9407-fd54-42ef-9616-12efc2ea6ad1,161943.6,2,80971.8,2,175,0.04979964388566732
b071ab4b-35fd-415b-a9b1-fd0e0941f6ba,159684.0,338,472.4378698224852,0,176,0.04910478916263997
414981b1-435e-46d6-9a59-9bda466a6587,159434.8,33,4831.357575757575,9,177,0.049028157105205715
73ca148c-be18-43c8-a1f1-76e85960844b,159138.0,339,469.43362831858406,0,178,0.04893688746376719
87f72790-e3d4-4a6c-ae74-15038c2fd4e3,159047.0,298,533.7147651006711,0,179,0.04890890384728839
9d6c265b-e7d1-4456-a5e2-18197c69a97d,157911.6,315,501.3066666666667,0,180,0.048559754417068314
860a830e-36fe-4e1f-8160-ec8a3f63ee6e,155957.2,244,639.1688524590164,1,181,0.04795875243853907
def26d9a-bbbf-4359-bf8c-5893b2e49c7c,154180.6,336,458.87083333333334,0,182,0.04741242614143764
39bc726f-d43c-4748-97a7-14aa2a6bdc4e,152789.0,302,505.92384105960264,0,183,0.04698449206790034
168fc4ed-d6f3-43f8-95d3-a91ec368fa70,150235.4,250,600.9416,0,184,0.04619922873778763
0624dc98-377e-46b9-9aa8-c7c24259dd7e,147239.4,289,509.478892733564,0,185,0.04527792197987031
bc4dbe14-c278-4d97-ac3e-207a00cacb5c,146221.6,297,492.3286195286195,0,186,0.044964935992484384
0f996e0c-7b0d-4ba2-bcf8-5efd92071a81,144088.0,329,437.9574468085106,0,187,0.04430882781535074
425c0f59-858e-4c51-8b0b-0d139ee49b10,141402.8,298,474.50604026845633,0,188,0.043483095870637915
e147cbc3-c876-4a1f-85a9-c0be2511a121,140574.0,2,70287.0,44,189,0.04322822970209257
28704d93-2028-4483-8f35-93b7977cb1b2,138656.0,4,34664.0,221,190,0.042638421170154844
f23dc3ea-bf0b-4bd5-8519-5eec97756e97,137960.2,204,676.2754901960785,0,191,0.042424454133386205
fce5e86d-5aa2-4daa-b0e9-5247393202bd,133294.0,338,394.3609467455621,0,192,0.040989540383788804
776b0ade-2866-477e-9d17-e396f1e1624d,131819.8,306,430.78366013071894,0,193,0.040536205796832286
5d3c7a96-f210-48c6-adef-d0b2f7f2f4b4,131229.0,331,396.4622356495468,0,194,0.04035452754830841
9a48bf55-7c43-4380-b330-41f6a7617e04,129991.4,272,477.9095588235294,1,195,0.03997395036419677
9f242247-5641-418e-acbb-670089e723f0,129942.4,2,64971.2,259,196,0.039958882263015874
b5775ad1-c50f-4b72-ab1d-5159949e5a31,129624.6,349,371.4171919770774,0,197,0.03986115486392839
3640fed5-cc5e-4dda-9877-ebcb61a8ba3b,127904.0,19,6731.789473684211,9,198,0.03933204925389082
0e896bb1-115d-4894-844c-825fb17dc004,126835.8,33,3843.509090909091,0,199,0.0390035646481474
d4331739-d2c8-4e85-826f-69f8b89a8ab9,124994.8,33,3787.7212121212124,8,200,0.03843743456092251
11cd4b6e-fe79-402b-a97f-08cf23cf8158,123677.4,326,379.37852760736195,0,201,0.03803231789774485
31cf012d-ca64-46de-8774-ec06f59d0f4c,123417.0,336,367.3125,0,202,0.03795224170289783
c00934ff-d159-4c7c-9019-e4ab535ab017,123207.0,280,440.025,0,203,0.037887664126408295
7d789e7b-6afe-42e8-95b7-07328e3ee9ec,122396.4,5,24479.28,197,204,0.037638394681158704
161f820b-773a-4d7a-84a9-fcb30823f7ba,120860.6,63,1918.4222222222222,0,205,0.03716611733843193
76560190-fa38-42be-bba0-ad66405a3798,118475.0,275,430.8181818181818,0,206,0.03643251606951085
e1cd0b88-7f4c-4409-a739-88f70877030f,115693.2,4,28923.3,34,207,0.035577078439612844
f457c46f-da6a-4b4b-974e-3a6696899e1c,113115.8,3,37705.26666666667,191,208,0.034784496317498
2766494c-677a-48c3-9a19-93829a59a314,111150.2,4,27787.55,108,209,0.03418005020155598
52229a6e-88e7-4519-a2bf-4b0a95eebc3e,109547.2,300,365.1573333333333,0,210,0.03368710803435255
f4bba589-3b03-419c-b86d-f7a10a53def7,109202.8,317,344.4883280757098,0,211,0.03358120080890972
adc1cf47-ca1a-4c68-b8cb-e32b8ebe6f2e,107650.2,1,107650.2,312,212,0.03310375726006378
bebeac5f-5050-4308-adf1-d1d10dd35e7d,104185.2,303,343.84554455445544,0,213,0.0320382272479865
2cd8d2c9-1f9e-4c9a-be35-83b8828bb34a,103882.8,331,313.8453172205438,0,214,0.03194523553784158
eff8cc9a-1abb-48ae-bd91-d58a55ccf7f9,103262.6,347,297.5867435158502,0,215,0.031754516428609166
f5a59a2e-8bc5-4a5b-ae30-e24125e65a53,103076.4,27,3817.644444444444,8,216,0.031697257644121776
f722243d-43c5-441f-bba9-78c6d57b585c,102212.6,4,25553.15,34,217,0.0314316285461615
6027515e-1ed1-4572-9e4b-6fe028bb05c7,100942.8,327,308.6935779816514,0,218,0.031041149466988136
4af1d979-e6f7-40e0-91e2-a7d435f71351,100735.6,120,839.4633333333334,85,219,0.030977432924851802
90e210df-0fe2-42e6-9b3d-c1d9306f8068,98743.4,318,310.5138364779874,0,220,0.030364806982554438
259d1350-876e-4160-81b3-1324f0a71b44,96786.2,267,362.4951310861423,0,221,0.029762943969672
f900a150-dd59-4c8f-ac3d-d104ad101400,96517.4,40,2412.935,0,222,0.029680284671765398
716fe8c4-0ca8-4158-a9cf-7879c7509ae8,95540.2,268,356.49328358208953,1,223,0.02937978368250078
7b3d5c0d-197b-42c3-9479-783627818daa,95522.0,3,31840.666666666668,79,224,0.02937418695920502
475e4ace-7495-4eee-8fae-28c12ee93803,95111.8,324,293.55493827160495,0,225,0.029248045426462137
0982cb5b-85c3-4ed4-935f-1416688e2d96,94070.2,278,338.3820143884892,0,226,0.028927740647074058
faeb09fe-e235-4107-a77d-9d6986e8965d,93434.6,344,271.6122093023256,0,227,0.02873228584889908
1bb42939-4751-4d2a-827b-81082e37364b,93375.8,131,712.7923664122137,0,228,0.028714204127482008
af1a5c6f-d7ef-410f-8b13-0d2c7582c256,93112.6,34,2738.6058823529415,0,229,0.028633266898281797
b3ee92cb-7c6b-49cc-8d16-d3b64cc5efc9,91729.4,1,91729.4,190,230,0.028207915927804077
24549e1a-7ac9-47c8-bff9-7aa407061bcf,91173.6,49,1860.6857142857143,13,231,0.02803700060869512
d1212444-9d57-4f44-8e8e-ffaaaa0d2133,90209.0,301,299.69767441860466,1,232,0.027740374274019867
e15e3f8e-f3a3-40ab-b783-b3d091ce2f60,89626.59999999999,303,295.79735973597354,0,233,0.027561279128555563
3d2cf853-b35f-4b4b-af8c-d746eba7c377,89020.4,2,44510.2,464,234,0.027374865191089115
5e059f29-e4a0-4677-a310-ade60d84e701,87941.0,3,29313.666666666668,10,235,0.027042936447932923
462834f2-609f-4403-b412-f1dce25922a1,83839.0,11,7621.727272727273,72,236,0.02578152112050407
cdc6e777-7979-4461-aabd-675ef7dc5d86,83358.8,3,27786.266666666666,10,237,0.02563385372893134
7987cb8e-e4fb-45d5-85cf-4cc057cc8152,81897.2,301,272.0837209302326,0,238,0.025184393796564196
f073958e-b753-4c0c-860d-16dd4e2a715b,81123.0,322,251.93478260869566,0,239,0.024946317797906122
1214a822-3ce1-4aab-b3fc-2d69b27b4b67,80640.0,12,6720.0,0,240,0.0247977893719802
d40715d4-d744-4b56-bc43-98c3dcf79ac8,80427.2,3,26809.066666666666,226,241,0.02473235076113748
bdf75d90-386a-49d8-8e03-3e64d3517bb8,80102.4,29,2762.1517241379306,0,242,0.024632470776167
780b2f23-1e9e-4d26-b324-d2e8e6fc0be8,78005.2,341,228.7542521994135,0,243,0.023987556045624876
0f8b84e5-42f7-4946-8e65-cf9ead4ec56c,77704.2,101,769.3485148514851,1,244,0.023894994852656545
8cf8af15-e2eb-4287-8a33-e346f9bcc883,77462.0,288,268.96527777777777,6,245,0.023820515381105287
3af4fc37-dc24-4c65-8622-b89dc40670be,77436.8,109,710.4293577981651,0,246,0.023812766071926547
828a017c-7fd1-4774-8d89-6b5e4b9f1a02,77372.4,209,370.2028708133971,1,247,0.02379296228180309
abdf3a99-8aeb-40dd-a52a-a138e56158f5,77000.0,1,77000.0,37,248,0.023678444712828317
80d58101-02d7-49e6-a8fc-d278224988c6,75700.8,112,675.9,0,249,0.023278924772946418
f1dd1aaf-7fec-4f37-8a76-da8648cd406c,75280.8,341,220.76480938416424,0,250,0.023149769619967352
d42d06a7-8666-4d81-96bb-783d20621334,74372.2,343,216.82857142857142,0,251,0.022870363972355978
d2da7b17-88bd-4eb8-b1ad-3cc3f8764098,73887.8,9,8209.755555555555,10,252,0.02272140502925346
37cfc201-f1c8-4dfb-b20e-76f7b9cfd45a,73824.8,232,318.2103448275862,0,253,0.022702031756306598
9c3aefe6-f061-43cf-a35e-9b2af401d34f,73011.4,297,245.8296296296296,0,254,0.022451901276703812
2d928f4b-64ea-4ea0-bfc8-02eaf3aedd05,72644.6,201,361.41592039801,1,255,0.02233910577643543
d204fbd1-e047-4845-8b61-e4d7340be407,72233.0,3,24077.666666666668,6,256,0.022212533726515948
3f277cdb-774a-4ff8-950b-4428e3336250,69785.8,295,236.5620338983051,0,257,0.021459989701824604
8a354bc7-0191-46d0-becc-b86a20434a5e,69696.2,19,3668.221052631579,0,258,0.021432436602522403
0106c43c-82ec-4d76-9c61-ad0ed54d6792,67158.0,2,33579.0,48,259,0.020651908961352265
08fe57f6-3876-42b7-96ab-4ff11b9bf7fa,66808.0,336,198.83333333333334,0,260,0.020544279667203045
0d460e5b-6818-4a5f-8792-65e5dfa7679b,66679.2,305,218.62032786885246,0,261,0.02050467208695613
43fcf1d2-3c0f-4f3a-ab58-75b6ce29e211,66665.2,110,606.0472727272727,0,262,0.02050036691519016
8959de30-c0bf-4524-b2be-bd637f162916,64863.4,129,502.8170542635659,0,263,0.01994629130890998
646c389b-4d7e-4d0f-8de4-f5a1ebbd480b,64682.8,328,197.20365853658538,0,264,0.019890754593128984
6547564f-77b7-4bb2-958f-9f8b0f2c6431,64393.0,308,209.0681818181818,0,265,0.01980163753757343
dce3353d-5948-4e19-b8e0-cdaf886c7ad8,64358.0,2,32179.0,191,266,0.019790874608158506
03df4b22-f0bf-47fa-93cf-715052bdda8f,63953.4,310,206.30129032258066,1,267,0.01966645514412201
994c0edb-a7b1-47ac-a2c4-4b42809d9274,63840.0,30,2128.0,0,268,0.01963158325281766
1bfe5252-f4e7-4b90-8b2b-4fe86ce79674,63610.399999999994,2,31805.199999999997,126,269,0.01956097843585577
2d363dab-dc5b-4b88-af50-06f4fd6e04a4,63368.2,210,301.75333333333333,2,270,0.01948649896430451
5dba4d3a-c9b5-467c-9491-f5749625728c,62990.2,321,196.23115264797508,0,271,0.019370259326623354
5380bdc6-e860-4764-8d3b-adfd9f668b0f,62879.6,7,8982.8,42,272,0.0193362484696722
fb42d2fa-d3c9-420e-9142-b0e2e0b0216f,62776.0,265,236.89056603773585,0,273,0.019304390198604034
062dd291-c4ec-4bd2-aa6f-51431e3a9c79,62491.8,321,194.67850467289722,0,274,0.019216995211754868
8e514e5f-622b-4cc5-b4ad-90922149db06,62318.2,334,186.5814371257485,0,275,0.01916361108185685
4c4187ce-e65a-4e10-b68a-b68c2950c1f5,62220.2,3,20740.066666666666,97,276,0.01913347487949507
219243ed-27b9-4763-8bc8-eccbe0b32132,61240.2,2,30620.1,191,277,0.018832112855877256
3fc00b26-de12-422c-bf26-c856fe232ae3,61038.6,12,5086.55,44,278,0.018770118382447305
d661e4ba-0355-4d45-99cc-c7e6f5cf5699,60977.0,80,762.2125,1,279,0.018751175626677045
535ebb2d-6344-45ad-abf9-4cc263b877f0,60461.8,2,30230.9,191,280,0.018592745305689395
0b4242a7-29a0-4047-96d3-956927694e81,59641.4,2,29820.7,191,281,0.018340462240203623
558d184f-1c12-4e87-bcaf-5ffe57811760,59502.8,3,19834.266666666666,154,282,0.01829784103972053
ec57509b-239c-4a50-a1dd-1fd8605100e8,59469.2,324,183.5469135802469,0,283,0.018287508627482206
559d1c53-465f-4168-99be-4dfdd3231295,59123.4,2,29561.7,190,284,0.018181170884862777
1613a22f-99e4-4ea4-8691-ff35ca02ce19,58216.2,4,14554.05,97,285,0.017902195754428
99cc8863-aa14-4deb-8da4-dc018c0a74f8,58147.600000000006,5,11629.52,9,286,0.017881100412774752
bc1a7185-4083-484d-b7f8-903daf077a8c,57755.6,339,170.37050147492624,0,287,0.017760555603327625
3d09c7b8-6e50-4ce1-9c9d-6e760cb2cfae,57617.0,63,914.5555555555555,445,288,0.017717934402844533
ce6af71a-636c-4164-8f5a-b9372d66c8a0,57412.6,279,205.77992831541218,0,289,0.01765507889506139
7a077ce1-9cd0-4f11-88c7-5b08049e49e3,57177.4,120,476.47833333333335,0,290,0.01758275200939312
75b91637-d7fd-4896-93eb-ee39f9b660c4,56978.6,304,187.4296052631579,0,291,0.01752161857031636
6d5d457a-77c2-4430-81f1-210217a2fac0,56624.4,183,309.42295081967217,0,292,0.017412697724637348
ed3d2042-3653-4138-890f-10a2a37b77f8,56287.0,3,18762.333333333332,97,293,0.0173089430850775
d850ab8e-5806-4e06-b24b-217ebbf481d1,55972.0,5,11194.4,87,294,0.0172120767203432
9cc0adba-3101-4dcd-98fe-ddf3ed3dd569,55776.0,2,27888.0,141,295,0.01715180431561964
75ec0457-f950-476c-8c08-0ed56a9fbf3a,55704.6,161,345.9913043478261,0,296,0.0171298479396132
2048a908-3fff-406c-918c-9306b8a0954a,55398.0,2,27699.0,48,297,0.017035564677938483
418a89bd-40d8-4ca5-9063-6d89917841b0,55274.8,324,170.60123456790123,0,298,0.01699767916639796
4162213a-8a9a-4dd7-9943-545bd6123606,54950.0,1,54950.0,191,299,0.016897799181427482
7b029acb-2693-4da9-ad39-c3846505b25e,54206.6,321,168.86791277258567,1,300,0.01666919456065454
b4753efd-d3d0-4a4c-96c9-fc68f99864ba,54101.6,4,13525.4,6,301,0.016636905772409772
6be00015-65b6-496b-994c-55a0e67b67c0,53564.0,7,7652.0,0,302,0.01647158717659657
919edee3-ff2f-48ac-9310-0e71aaab2b2a,53536.0,34,1574.5882352941176,0,303,0.016462976833064635
5a1b18c8-3d4c-4d8d-9b65-8760e8a96195,53498.2,261,204.97394636015323,0,304,0.016451352869296516
bbb731e5-351b-4877-a300-eba9ef95351c,53158.0,2,26579.0,442,305,0.016346737195383477
ecaf54cc-151a-41c6-8cec-b44419b2c290,53046.0,8,6630.75,7,306,0.016312295821255728
14a64e1e-a738-41a0-b069-1218c8081609,52892.0,3,17630.666666666668,142,307,0.01626493893183007
641a3833-f34e-4978-9a2e-08a71efad79c,52852.8,5,10570.560000000001,135,308,0.01625288445088536
62d1b2a4-b42b-47bc-8f35-ed97c48551e5,52773.0,291,181.35051546391753,1,309,0.016228344971819336
76f7c5aa-1da1-4bbd-a1bf-ce27023c7b2e,52652.6,106,496.72264150943397,367,310,0.016191320494632004
c2141fad-20e4-4e27-a939-99b4f25ec16e,52572.8,4,13143.2,240,311,0.016166781015565984
fc76cca9-d5d5-44c6-ad2c-29c9e13f352e,50892.8,3,16964.266666666666,226,312,0.015650160403649728
85c290d9-b4e6-46e8-8959-93e574445ed0,50443.4,5,10088.68,24,313,0.015511964389962132
322a7dd2-d70e-4f5e-abb2-7cba468f3b97,49533.4,3,16511.133333333335,10,314,0.015232128225174158
0d87b687-ee68-46b8-bb4e-60f2064f396a,49228.2,4,12307.05,17,315,0.01513827548067604
13d11e63-00c5-4cba-a0aa-0642ee267685,49145.6,163,301.50674846625765,15,316,0.015112874967256823
0bd4483d-59f8-44a5-b453-fc257267869e,49128.8,5,9825.76,85,317,0.015107708761137663
480f3831-5270-4db9-87e2-bb4098e03033,48899.2,1,48899.2,252,318,0.015037103944175772
922f56a7-41e1-4cb9-a3c4-7b449b40506e,48858.6,5,9771.72,105,319,0.015024618946054462
3dc61157-d999-4a5b-a293-dd6745b60aac,48468.0,331,146.42900302114805,0,320,0.014904504653783936
5b36266c-34b0-40fc-8694-e16427d9e337,48454.0,306,158.34640522875816,0,321,0.014900199482017967
d1b4c36a-ffde-4038-9a93-6d890e9c616f,48279.0,324,149.00925925925927,0,322,0.014846384834943355
f0e5cc73-fc0a-47de-a6a9-6cc68df57280,47898.2,326,146.92699386503065,0,323,0.014729284162909006
c0885283-8e85-43cb-b427-3fcf8779fa76,47737.2,4,11934.3,7,324,0.014679774687600363
3148bd15-dd33-469d-aafc-85fb24ee7fd6,47664.4,2,23832.2,126,325,0.014657387794417328
7880e75d-5460-47d6-b7f0-2da66872b61d,47443.2,14,3388.7999999999997,9,326,0.014589366080515018
edbb71c1-f9d9-4483-82c2-45cc110fbd6f,47212.2,165,286.13454545454545,1,327,0.014518330746376535
259ed61a-457b-4ee1-b288-976f0f48c25e,46907.0,324,144.77469135802468,1,328,0.014424478001878415
345f1245-98e2-454c-b128-e0045a648c5f,46837.0,203,230.72413793103448,0,329,0.01440295214304857
b49a26b3-857e-4947-a619-089a74d06919,46695.6,294,158.82857142857142,30,330,0.014359469908212285
2bbe4665-15a4-4324-a777-0ff653a357a2,46677.4,286,163.20769230769233,0,331,0.014353873184916528
39854355-48cd-4e4b-a665-cf961829ae92,46601.8,24,1941.7416666666668,0,332,0.014330625257380297
179e4f5c-2ee8-494f-b5c1-1e7cdd214f29,46596.2,1,46596.2,83,333,0.014328903188673907
b8f87ac2-4ebd-4ee6-a14c-8a2d4d900f06,46552.8,316,147.31898734177216,0,334,0.014315557156199405
638fc372-f209-46de-8a49-74194dfda2d6,46298.0,5,9259.6,98,335,0.014237203030058774
5b89e7e3-500b-44e3-90c1-838042b06ab8,46089.4,32,1440.29375,0,336,0.014173055970745837
ff12d7bc-19c1-4627-b7b9-b8030678170e,45658.2,302,151.18609271523178,3,337,0.014040456680353999
cb1d607e-ea63-4268-a795-005270c1dfc9,45588.2,2,22794.1,203,338,0.014018930821524153
ecb45d2e-8965-4b9a-803f-6dbfbb438bc0,45588.2,312,146.11602564102563,0,338,0.014018930821524153
d7562de6-f6f2-4571-9181-eb535f03bb9f,45164.0,7,6452.0,7,340,0.013888484117015302
8c0ff002-20c1-4066-8977-cd709383e6ee,44938.6,36,1248.2944444444445,13,341,0.013819170851583204
8d3041b9-15be-4f93-a476-c4a8d7cc7609,44678.2,79,565.5468354430379,0,342,0.013739094656736183
d4412dc5-cd13-46a0-aab3-29231abe6849,44632.0,5,8926.4,98,343,0.013724887589908486
34627b76-33f9-4b84-ac26-ee11794ac0db,44580.2,3,14860.066666666666,34,344,0.013708958454374401
423f5cd2-be31-4c92-bd0b-231c1b0cd278,44566.2,320,139.269375,0,345,0.013704653282608432
f4ea27f5-e9e6-4d03-9d43-4f24decc7c81,44486.4,321,138.58691588785047,0,346,0.013680113803542414
218d6a1b-5958-44df-92e7-cb749f4cf64d,44143.4,174,253.69770114942528,217,347,0.013574637095276176
1ea4b84e-16c9-42ea-8379-29a6dd2d878c,43808.8,312,140.41282051282053,0,348,0.013471743490069523
8eef8d78-8edf-42b3-ba08-f98cc37c2e2a,43362.2,187,231.88342245989304,0,349,0.013334408510735118
03d57149-0cca-48a0-8eae-2a6d2ef59a6b,43129.8,1,43129.8,48,350,0.01326294265942004
ea3cb846-4d65-49f0-b5cf-6c01880c5899,42877.8,219,195.7890410958904,0,351,0.013185449567632599
b000042c-f763-4cd1-8eb7-ae0bd8dfa32d,42555.8,95,447.95578947368426,1,352,0.013086430617015319
a8c8cb86-a2ef-4744-aa68-61b354a85c94,42344.4,18,2352.4666666666667,16,353,0.013021422523349188
2d7237e4-c689-4388-9b6b-d9d851de81f2,42000.0,1,42000.0,210,354,0.012915515297906355
c54c15dc-6b19-4c82-87f2-7fa9c843a2ef,42000.0,2,21000.0,196,354,0.012915515297906355
3ea704be-02ff-4c36-b0af-e4aa036308e9,41979.0,7,5997.0,0,356,0.012909057540257403
a0192797-9e88-4909-93e4-c1ea78f8c4a1,41360.2,221,187.15022624434388,0,357,0.012718768948201582
99b34be1-c873-4c4b-9a71-a04427797219,41185.2,2,20592.6,56,358,0.012664954301126971
29067d07-7f24-4c38-85ea-39249101a920,41091.4,249,165.025702811245,0,359,0.012636109650294982
83154c44-b102-4626-b584-9962ea69fbda,41031.2,4,10257.8,34,360,0.012617597411701315
6f4f9d92-3c43-4771-ba5d-c2c482a91c2c,41020.0,8,5127.5,0,361,0.012614153274288543
ed1a53c4-7a76-4533-a4ea-f153af0265d6,40986.4,2,20493.2,192,362,0.012603820862050218
85451094-e35a-49cc-b0a8-673da9933425,40236.0,5,8047.2,240,363,0.01237306365539429
5dc3e908-5585-4bff-ab91-913c803fda27,39841.2,1,39841.2,280,364,0.012251657811593967
7f8830f1-67d2-4e00-9bd7-753524479498,39404.4,253,155.7486166007905,0,365,0.012117336452495743
322d1d67-9fb9-4518-985f-49b9ef097b73,39048.8,29,1346.5103448275863,0,366,0.012007985089640136
0380c408-e7a4-4eeb-922f-f8bfd0a328d7,38917.2,106,367.14339622641506,0,367,0.011967516475040029
b7666722-8098-48ad-9139-954330029434,38806.6,299,129.78795986622072,0,368,0.011933505618088876
3301b83a-a731-4f75-a7b6-4fc00c47e55f,38304.0,3,12768.0,79,369,0.011778949951690596
9fdd93d2-d24c-49d6-ab2e-2bbb3c860605,38189.2,3,12729.733333333332,108,370,0.011743647543209652
5a227c3f-842a-4e28-be40-a783132de715,38098.2,178,214.03483146067413,0,371,0.011715663926730855
6c088270-e9eb-4019-b7c8-fe3549e38e83,38088.4,102,373.4156862745098,1,372,0.011712650306494677
eb798e7f-bd15-4ad1-a044-69e5ffad569d,38060.399999999994,2,19030.199999999997,261,373,0.011704039962962738
064d98c4-4675-4a9c-8d99-a5313bdd53fe,37716.0,3,12572.0,191,374,0.011598132737519909
eef1f73a-234a-4158-8637-a024585d7738,37644.6,268,140.46492537313432,0,375,0.011576176361513466
d0fbfda4-e8ff-4875-90f8-c4c96084dbfc,37438.8,292,128.21506849315068,0,376,0.011512890336553727
e03493ae-b08f-4344-a23f-898e6c43cf96,37291.8,2,18645.9,206,377,0.011467686033011053
8564cc75-36ff-40ef-b64a-88c2982710db,37038.4,285,129.95929824561404,0,378,0.01138976242404702
5ce81370-3405-4303-b733-d49b4bb6e65e,36765.4,7,5252.2,27,379,0.011305811574610627
8895dc0d-2ccd-4ea8-a576-1d79601b4cfd,36471.4,31,1176.4967741935484,2,380,0.011215402967525283
0c7a6500-d3c3-45b8-a0c0-86d47a742aeb,36400.0,4,9100.0,7,381,0.011193446591518842
5becb78c-6802-4f49-a0a3-2091e5a582bc,36134.0,5,7226.8,97,382,0.011111648327965434
eea2a060-419e-4649-b844-e385b450fdc0,35940.8,3,11980.266666666668,114,383,0.011052236957595066
15d10c64-732a-4293-87e6-1901179fb7d5,35893.2,5,7178.639999999999,17,384,0.01103759937359077
65c9e24b-fea0-4189-953f-7ac61e45897c,35807.8,282,126.97801418439717,0,385,0.011011337825818363
ea33ed4e-2322-415b-bb23-f88127c902bb,35700.0,1,35700.0,204,386,0.010978188003220403
dd9f9758-3109-4c25-8864-fdaf31978d9f,35466.2,3,11822.066666666666,63,387,0.010906291634728723
152b2540-0461-4007-b94c-25791743e75e,35203.0,94,374.5,0,388,0.01082535440552851
aa9cd0b5-b0af-4071-abca-2e371cef8937,35186.2,298,118.0744966442953,1,389,0.010820188199409348
b8a8fde1-c3e4-4f0e-84cf-da056e525c81,34955.2,8,4369.4,16,390,0.010749152865270862
3d1a0d31-0d74-4cd6-a521-0b02943d4400,34902.0,36,969.5,13,391,0.010732793212560182
f0c90f64-d799-496d-a0d0-7e61f46e9467,34879.6,5,6975.92,98,392,0.010725904937734631
5b7ac2a7-8630-40c0-ab36-8790bdd5b72d,34867.0,2,17433.5,318,393,0.01072203028314526
721bb3df-cba7-41c3-8a66-df6c43ea85d7,34797.0,2,17398.5,43,394,0.010700504424315416
76d21bea-904b-4b53-b0e4-376e6e6cd099,34455.4,247,139.49554655870446,0,395,0.010595458233225778
d742400b-4e88-4bff-b196-ce26de2a1c88,34364.4,1,34364.4,191,396,0.01056747461674698
3d0ba75a-622d-480c-b893-88dba6245435,34349.0,282,121.80496453900709,1,397,0.010562738927804415
8e8de3d1-f0cd-4da2-a072-6e3b23544027,34237.0,65,526.723076923077,6,398,0.010528297553676664
bf52c6c3-2eef-49ac-9b7d-96376a56fff7,34157.2,23,1485.0956521739129,0,399,0.01050375807461064
825f4404-466c-4219-ad6c-ea0d9396e174,34022.8,3,11340.933333333334,191,400,0.010462428425657344
633b586a-7d80-4883-8116-11073ffb768d,34001.8,293,116.04709897610923,0,401,0.01045597066800839
08da989d-8214-4954-acd4-3a1e32177ce2,33747.0,1,33747.0,112,402,0.010377616541867756
c51f5e96-1f6e-4186-9ea3-e9f2a7e603c4,33530.0,1,33530.0,252,403,0.01031088637949524
ae2375ca-9351-4d66-b11d-093180c39a73,33040.0,4,8260.0,24,404,0.010160205367686333
21838def-10ff-4b73-aca0-61b193ff5307,32886.0,6,5481.0,6,405,0.010112848478260677
29166a72-2df3-495b-90f5-8f4706df4d25,32886.0,2,16443.0,185,405,0.010112848478260677
2453caeb-55ae-473b-a218-2ff98fb62312,32838.4,2,16419.2,259,407,0.010098210894256384
1fed619f-420c-43c0-b49d-e061228b07bf,32733.399999999998,199,164.4894472361809,170,408,0.010065922106011616
68ed7d0a-f2a4-4c8e-b441-e60b0b151ec9,32716.6,4,8179.15,62,409,0.010060755899892453
98e0a7ad-af2f-43f5-8c62-6f5b4b900abb,32443.6,19,1707.557894736842,24,410,0.009976805050456063
9dc40a5f-a465-4b04-867f-4ca612e9dce0,32331.6,214,151.0822429906542,1,411,0.009942363676328312
4e65d152-e914-4861-bf66-1022da0e9d6a,32309.2,5,6461.84,34,412,0.009935475401502762
b909c5f4-75b0-4b2f-8810-595d1880ad5f,32239.2,26,1239.9692307692308,0,413,0.009913949542672919
fd0be11b-f341-4fbc-b1b0-e18fc75e9d31,32198.6,54,596.2703703703703,445,414,0.009901464544551609
1280e7a7-d06a-4f6b-8bc3-c61439319d01,31892.0,2,15946.0,204,415,0.009807181282876892
31aae9f0-0020-405f-88a1-e9a26826627c,31448.2,270,116.47481481481482,1,416,0.009670707337895683
02c002e0-d8c8-45ca-ab25-6e8b8fbe7c29,31358.600000000002,7,4479.8,10,417,0.009643154238593483
2ecda926-a844-4886-bb5f-3bcd77f3cb0b,31235.4,149,209.6335570469799,0,418,0.009605268727052958
65f7bd29-b1fc-4289-a93b-f29bf9aa1eb1,31081.4,5,6216.280000000001,86,419,0.0095579118376273
2f8b08ba-88ea-4a20-9c3e-bdab009b800f,31047.8,6,5174.633333333333,6,420,0.009547579425388975
6a481298-2ad0-4a16-ad7c-72927cf86c57,31025.4,28,1108.05,0,421,0.009540691150563425
4aeecff0-befd-4909-ba05-de0a25861676,30982.0,100,309.82,0,422,0.009527345118088922
cc437a8f-3c06-4d0f-a197-a483cd7d7563,30858.8,2,15429.4,205,423,0.009489459606548397
4d0eb7d5-365e-4818-bf61-13a4d1e03522,30815.4,2,15407.7,205,424,0.009476113574073894
3057ac84-18ca-49af-8cf9-763c0241ecf2,30807.0,252,122.25,0,425,0.009473530471014312
17a5a4eb-085d-441f-a315-52cae7e33a4a,30767.8,5,6153.5599999999995,45,426,0.0094614759900696
20ab8215-cb72-41d5-90c9-179798953354,30368.8,1,30368.8,83,427,0.00933877859473949
cf8a7184-0119-4873-8e1f-ea1e6a6fd665,29755.6,316,94.1632911392405,0,428,0.009150212071390055
51a2820b-0e98-4e98-9506-54f0029bb72c,29610.0,43,688.6046511627907,1,429,0.00910543828502398
078020fb-334f-48c0-b55b-1221192462b1,29432.2,32,919.75625,8,430,0.009050762603596179
91050fb7-e293-4d44-9235-55c7e1c4a881,28828.8,25,1153.152,2,431,0.008865209700482922
daa05e99-24c1-44f2-9e0a-1f9c4fa906b8,28414.4,2,14207.2,442,432,0.008737776616210247
c9d2a73d-bec0-4870-b1c5-574af98c3ed0,28246.4,1,28246.4,354,433,0.008686114555018621
85ff665f-f46a-4899-b5a3-c7ed305b6b9b,28239.399999999998,2,14119.699999999999,185,434,0.008683961969135637
ed2f52d3-70f8-43cd-b757-b2d4a2abcb78,27778.8,267,104.04044943820224,0,435,0.008542321818035263
8b7f8d10-f864-465b-8da5-1b57a9aa5e25,27721.4,3,9240.466666666667,57,436,0.008524670613794793
8d32f458-5ee5-4dd1-b3a1-6f6669cc5b45,27717.2,3,9239.066666666668,57,437,0.008523379062265
ac2cd214-d949-457d-866f-f5b25aabf174,27669.6,1,27669.6,15,438,0.008508741478260707
60cce9f8-6780-4a15-8f91-e7260ccbc71f,27406.4,1,27406.4,191,439,0.008427804249060495
a033b05e-d39f-4f93-866c-f491ee589c22,27008.8,258,104.68527131782946,0,440,0.00830553737090698
c4d78323-6fa0-411d-a705-4a02b5d1e719,26947.2,1,26947.2,203,441,0.008286594615136717
8177385e-e732-46c3-8550-04ec7c2f7412,26908.0,241,111.65145228215768,0,442,0.008274540134192005
1fa9591a-ec80-4cda-aa00-670327cc2483,26868.8,117,229.64786324786323,1,443,0.008262485653247291
7d597be4-63cd-422d-b957-1ea98038cd7f,26864.6,8,3358.075,133,444,0.008261194101717502
9a92d291-a775-4e6a-94fd-765e884ba392,26759.6,263,101.74752851711025,0,445,0.008228905313472736
59a21ec6-c002-4484-b582-d1d0363229f2,26752.6,217,123.28387096774193,0,446,0.008226752727589751
2e9b25b1-1bc2-4012-b90f-2689eab958b6,26611.2,1,26611.2,23,447,0.008183270492753468
b18f2681-3ce2-4f26-aeb2-4daadcf876d9,26584.6,1,26584.6,23,448,0.008175090666398125
c3b54755-8c88-4512-9bda-dc6d3f103211,26367.6,46,573.2086956521739,3,449,0.00810836050402561
24852795-6554-47fb-b82c-fb7b9b838b36,26055.4,3,8685.133333333333,24,450,0.008012355173644507
95dcf1d0-1bd4-45be-8f00-5ea86c22a5ba,25942.0,3,8647.333333333334,191,451,0.007977483282340159
da57b4f1-279c-41cd-8283-4de756b2620d,25876.2,90,287.5133333333333,284,452,0.007957248975040106
afe605c1-cbbc-4846-af87-e45fca85ed04,25804.8,260,99.24923076923076,0,453,0.007935292599033665
7c57f8c7-4af1-4da9-bb54-65b280ecb94f,25779.6,102,252.74117647058821,1,454,0.00792754328985492
0898655f-ad5a-4529-a9b3-838d0aa51142,25671.8,148,173.4581081081081,6,455,0.007894393467256962
23150b8d-23ee-4947-bb0d-a7a5bc687e4b,25624.2,160,160.15125,1,456,0.007879755883252668
7f5cba65-ebb6-4ff5-a27c-d6c047e9efd6,25488.4,303,84.12013201320133,0,457,0.007837995717122771
d74584d8-8ec1-4576-99cc-42f4294932d0,25400.2,2,12700.1,7,458,0.007810873134997167
b01408b6-dd2f-447a-b048-3ae9d1d7beaa,25372.2,91,278.81538461538463,77,459,0.00780226279146523
f2646ae7-d655-4095-bc72-89d251184c91,25340.0,4,6335.0,72,460,0.007792360896403501
c7217865-4b0d-4b96-8bb6-7d845202c1fe,25337.2,39,649.6717948717949,8,461,0.007791499862050307
08b0ce91-0958-4ed9-8292-a9bcd8bf6447,25277.0,23,1099.0,0,462,0.007772987623456642
b7c2706c-4054-4bb6-bbf2-540bfaebca67,25202.8,7,3600.4,44,463,0.007750170213097007
02c5b542-a286-4fda-be29-517baad04953,25155.2,3,8385.066666666668,98,464,0.0077355326290927135
4b83e4aa-87aa-402d-9ef4-c11079d6d2a1,25102.0,8,3137.75,44,465,0.007719172976382032
e516fa6a-3367-453d-a1aa-8b6063d7c627,24871.0,62,401.14516129032256,140,466,0.007648137642243548
2d4085df-2cdd-4f12-b7d0-4548fb677d03,24698.800000000003,86,287.19534883720934,1,467,0.007595184029522133
f0f3bf30-1917-46ff-855b-5e461737206d,24630.2,3,8210.066666666668,7,468,0.007574088687868885
d3164543-32fb-4e11-8c1e-9cc67ef01753,24543.4,205,119.7239024390244,156,469,0.0075473966229198785
b29739e8-9e24-440d-9054-9194878faac8,24127.6,10,2412.7599999999998,283,470,0.007419533021470605
e9a8f62e-76a7-46ed-8dda-c9422ee5b8de,24017.0,285,84.2701754385965,0,471,0.007385522164519451
493b02f9-6596-4245-b198-d3a93237f365,23865.8,5,4773.16,22,472,0.007339026309446987
3037e3ef-9566-4112-a52f-32cc30ab7ed4,23755.2,142,167.29014084507043,0,473,0.007305015452495836
0c9b791c-5d6f-4bb7-a30f-087a166834a4,23623.6,19,1243.3473684210526,312,474,0.007264546837895728
05ec91a9-1ec5-4ac7-a53f-6620b4df062e,23606.8,242,97.5487603305785,0,475,0.007259380631776565
65ff5cac-dacc-4e22-8977-b26e8c96791d,23436.0,1,23436.0,83,476,0.007206857536231747
02a1e040-76ca-4655-9819-22814c703fb9,23433.2,217,107.98709677419355,0,477,0.007205996501878553
f490f784-b5de-4ef6-9c92-8a6fd5f5c0a1,23291.8,195,119.4451282051282,1,478,0.0071625142670422685
5d3479db-b214-493c-8f2b-0daa7c75bf57,23224.6,3,7741.533333333333,36,479,0.007141849442565617
27f6d282-8d0d-481b-bcb4-0167312ca5fb,22793.4,151,150.9496688741722,2,480,0.00700925015217378
882fded7-aabb-4170-90ef-a96bccfa0e61,22720.6,24,946.6916666666666,0,481,0.006986863258990741
5dfd0ed6-8311-4a2d-89fa-a3683f6e6362,22327.2,5,4465.4400000000005,97,482,0.006865887932367019
47af3e1b-fedd-4569-82bd-7d3425ed160e,22297.8,248,89.91048387096774,1,483,0.006856847071658484
f94467d8-ee8c-4719-ae5b-01b80e678931,22219.4,2,11109.7,72,484,0.00683273810976906
88c2901d-3716-4b20-8ff1-e42808f6204b,22069.6,15,1471.3066666666666,9,485,0.006786672771873193
b7f64b76-270e-4836-8c8c-2b30c5068bc1,22061.2,27,817.0814814814815,8,486,0.006784089668813612
65d4b4f2-0ea5-4f62-8a9c-21448502f7f3,21922.6,320,68.50812499999999,1,487,0.00674146846833052
0f1d02b4-3e6a-4c2d-a314-58f60277f536,21680.4,32,677.5125,2,488,0.006666988996779261
fc571112-637d-46f8-9f38-eeb5246bfa29,21679.0,2,10839.5,70,489,0.006666558479602664
541c373c-addb-47ef-bdb0-d353781ab846,21569.8,20,1078.49,0,490,0.006632978139828108
4142ec2a-10d7-437c-b5b6-a6fd5b941fa1,21505.4,202,106.46237623762377,112,491,0.006613174349704652
a0891d94-f294-4039-bcbb-96cc30eb3b45,21337.4,4,5334.35,63,492,0.006561512288513025
df09f94d-7337-43bf-8f1b-7f8a0fcc4947,21238.0,1,21238.0,141,493,0.006530945568974647
f556061a-4245-4dba-9709-603489900032,21103.6,2,10551.8,84,494,0.006489615920021346
790a0526-31d3-414e-8519-2e9e6adbf9d6,21099.4,2,10549.7,84,495,0.006488324368491557
57d7609c-d04e-4431-b7c6-c5536cc1f73f,21067.2,1,21067.2,357,496,0.006478422473429828
a5d3d970-b4fc-4b5e-a4bc-40366d7dd5b4,21039.2,1,21039.2,141,497,0.00646981212989789
faa9b1ec-2680-40d7-86b7-39c967b35318,21000.0,1,21000.0,141,498,0.006457757648953177
4c0a190a-6e90-4be1-a75b-2a136c777f35,20986.0,5,4197.2,23,499,0.006453452477187209
d67ea818-ba8f-4385-abd6-4df5d5b2434d,20916.0,1,20916.0,141,500,0.0064319266183573654
75d7bc8f-7376-4401-a3ee-c070962b049e,20813.8,4,5203.45,105,501,0.0064004988644657925
949b8ca6-5963-4b2f-868c-9d6d6f503af4,20708.800000000003,5,4141.76,36,502,0.006368210076221028
e25e73a7-7748-4daf-8072-637352287ed4,20685.0,68,304.19117647058823,0,503,0.006360891284218881
6e1d2829-82c5-411a-bb34-4b9395b22cd8,20655.6,33,625.9272727272727,1,504,0.006351850423510346
345eb8a6-f542-4fa0-af38-94b1fbcc06fa,20592.6,3,6864.2,94,505,0.006332477150563486
a7539f06-e851-46d8-93bb-b9812d84aa2b,20437.2,2,10218.6,309,506,0.006284689743961233
c640265f-5b8f-4257-ab78-c3c13c3d0567,20339.2,16,1271.2,240,507,0.006254553541599451
3de1236d-c5e0-4cf5-b8fa-6781a12ab4b8,20293.0,3,6764.333333333333,34,508,0.006240346474771754
23967d49-a5df-424b-81a2-e0348c492a1e,20287.399999999998,70,289.82,0,509,0.006238624406065365
fb35653e-4480-480c-abb3-3ef44eb79b5c,20274.8,293,69.19726962457338,0,510,0.006234749751475995
9061e92a-6bad-46df-baff-d7deeb76decd,20171.2,3,6723.733333333334,106,511,0.006202891480407826
5010aa07-eb18-44d3-a5c4-70f113249642,20104.0,282,71.29078014184397,0,512,0.0061822266559311756
92ca6535-70af-421f-a736-59ebb178c7fa,20104.0,3,6701.333333333333,36,512,0.0061822266559311756
2ce33659-475e-4963-af53-929ba660e893,19979.4,202,98.90792079207921,0,514,0.006143910627214053
5c9e219a-68d3-4de8-9075-4936fdace250,19973.8,2,9986.9,91,515,0.006142188558507666
7bbb45fd-f82c-4401-a491-9144fb0ad24d,19807.2,1,19807.2,494,516,0.006090957014492637
c2562cc0-4943-4796-9c85-af37cc09fbe8,19801.6,280,70.72,1,517,0.0060892349457862495
ee487a6c-d440-4b10-853c-a347178dc74d,19558.0,124,157.7258064516129,2,518,0.006014324957058393
04b2d062-8d4a-4f7b-b20e-969cf84e3966,19511.8,137,142.42189781021898,24,519,0.006000117890230696
91ca14d3-f706-4e0f-82e3-f7ccf778ff60,19430.6,237,81.98565400843881,0,520,0.005975147893988076
5d6b1989-332d-4c4b-b01e-2322460ccb9a,19308.8,221,87.37013574660634,98,521,0.005937692899624148
35403ad7-74be-45ef-95fc-1ed9340d8521,19299.0,3,6433.0,111,522,0.00593467927938797
38d8c6ff-2ce2-4a23-b20d-0d50de400348,19171.6,259,74.02162162162162,0,523,0.005895502216317654
b8a0ed5e-0297-4dfb-8d1f-5d15550b5e37,19147.8,214,89.47570093457944,1,524,0.005888183424315507
c32ad704-d90c-4b83-8896-96e67ea8b2e8,18848.2,120,157.06833333333333,161,525,0.005796052748523776
023238cd-d3c0-4b7f-9031-6162f2713a85,18835.6,36,523.2111111111111,15,526,0.005792178093934403
b802dca7-9077-4835-819a-e3a45f5f2b12,18816.0,3,6272.0,27,527,0.005786150853462047
88f9b2f8-56a3-4990-b8e7-73f312ad13ac,18788.0,3,6262.666666666667,71,528,0.00577754050993011
83af24b4-a21c-40b4-b648-4efc7b061ef1,18725.0,232,80.71120689655173,1,529,0.0057581672369832505
ae661473-4b88-486d-a91b-80dbb47ccdf3,18715.2,3,6238.400000000001,115,530,0.0057551536167470725
cb6bc7e0-be90-4882-b05c-a8bccf2b9068,18683.0,144,129.74305555555554,6,531,0.005745251721685344
84353a9e-1ac7-4c95-ab95-880d9deb6440,18638.2,133,140.13684210526316,0,532,0.005731475172034244
3903ee17-7982-4f9b-896b-4ebcd8122f63,18583.6,169,109.96213017751478,1,533,0.0057146850021469655
b175bb88-b571-4ade-9059-b6a65d274ef6,18572.4,1,18572.4,252,534,0.005711240864734191
d43bf2d9-4ecc-4d50-9444-bd8bc7f0461a,18496.8,4,4624.2,135,535,0.005687992937197959
9b437911-cbcd-47e5-91c2-e65b09a5a53a,18480.0,4,4620.0,191,536,0.005682826731078797
bb405917-f867-46ba-bc23-97131422561c,18453.4,239,77.21087866108788,0,537,0.005674646904723456
c85571fa-79fd-49f4-b800-5f559eac005d,18429.6,1,18429.6,191,538,0.005667328112721309
20e8c23f-2fed-45f5-bdb3-1cdd7a42b01e,18400.199999999997,2,9200.099999999999,226,539,0.005658287252012774
1189bfa1-ad57-4701-8764-ac739c150d63,18264.4,71,257.2450704225352,77,540,0.005616527085882878
74a50ca8-5d30-41c0-8455-68b99a60e80e,18228.0,60,303.8,0,541,0.005605333639291358
5f186b3f-67b5-4c66-9266-184f45c63f6e,18160.8,66,275.16363636363633,392,542,0.005584668814814708
50a9359b-09f8-4ff7-9dce-2b2409fe4ef2,18078.2,1,18078.2,234,543,0.005559268301395493
39fb1793-a296-4eee-bb4b-ca183b547cbc,18060.0,1,18060.0,7,544,0.0055536715780997335
813e16fe-6ab1-4e3e-9634-26cbfa3f549a,18033.4,1,18033.4,252,545,0.005545491751744393
17ecfbdb-6915-4bae-ae96-cfa49cd77f77,17794.0,18,988.5555555555555,55,546,0.005471873314546326
21e28c31-ef5e-4382-a528-7a3ab9fe52d0,17725.4,1,17725.4,23,547,0.005450777972893079
e49dfde1-ffda-450f-84cb-574489889d22,17640.0,2,8820.0,221,548,0.0054245164251206695
8817d0dc-09b3-4e13-8d29-8122d6955e2f,17547.6,25,701.904,8,549,0.0053961022914652745
977624d0-8ff9-4148-9782-6a36364c4f47,17466.4,2,8733.2,442,550,0.005371132295222657
881b0d7f-3ea3-401b-9647-90d1fbe5075b,17304.0,6,2884.0,7,551,0.005321192302737419
8076fb59-2ca7-44d5-af95-ea50b3d4eec6,17273.2,1,17273.2,192,552,0.0053117209248522874
574c9191-cf2c-4a3f-a312-2e43983e1b90,17182.2,1,17182.2,141,553,0.00528373730837349
0e88357d-8139-457a-a14f-757825a0e856,17073.0,119,143.47058823529412,0,554,0.0052501569685989334
6ad5e368-a2a2-40f8-871f-49c8654900bb,17049.2,26,655.7384615384616,2,555,0.005242838176596787
73b44672-1323-4768-bd70-501285596b2f,16889.6,17,993.5058823529411,0,556,0.005193759218464742
f7a935e6-3d8d-47dc-b16c-efed3f109c5b,16678.2,4,4169.55,63,557,0.005128751124798614
4e2494dc-9f13-4710-a835-80409e7f73bc,16388.4,2,8194.2,72,558,0.00503963406924306
8ace0ec1-29ec-42dd-b8f9-da8a5c296181,16324.0,6,2720.6666666666665,7,559,0.005019830279119604
992da4da-2d2c-46a4-94e6-9f1b892bc6fb,16273.6,55,295.88363636363636,55,560,0.005004331660762116
8cf0648f-1135-4413-8022-f1042b1c5d2b,16237.2,175,92.784,86,561,0.004993138214170597
44cea3fa-8f28-4da2-ac75-265a2e796e3e,16108.4,149,108.11006711409395,69,562,0.004953530633923684
ee66b779-f43e-418f-8d46-a18158b30e5c,16100.0,3,5366.666666666667,24,563,0.0049509475308641025
f50805c8-c22a-40ec-add8-ffc035d544a0,15848.0,57,278.03508771929825,71,564,0.004873454439076665
b0cfa288-c0a1-418b-8ff3-773cbef3aac1,15752.8,2,7876.4,104,565,0.0048441792710680765
d94d294e-c341-467f-99b0-30908db27193,15731.8,3,5243.933333333333,9,566,0.004837721513419124
478de009-ca89-4e66-9c32-7a33f65e9095,15582.0,2,7791.0,114,567,0.004791656175523258
df0627ee-02c3-40a1-b223-b38a3c9d34b3,15436.4,28,551.3,0,568,0.004746882389157183
75ce214f-0703-4457-89f9-911ed9126728,15400.0,1,15400.0,374,569,0.004735688942565664
4ece588f-0c37-4cb8-a477-b47876183cf4,15229.2,1,15229.2,372,570,0.0046831658470208445
a403c8df-2a50-4b75-a569-6504ab2cf8b6,15199.8,170,89.41058823529411,7,571,0.00467412498631231
30baa925-6572-426d-8660-199d594bb9d7,15185.8,35,433.88,0,572,0.0046698198145463405
8c4f63ca-dd86-438c-bc79-9a5423046852,15103.2,2,7551.6,104,573,0.004644419301127125
1ab39ed3-1483-42b8-a0e9-0656af30d10a,15080.8,1,15080.8,197,574,0.004637531026301576
e41c91de-100e-4381-a3fc-b000b07e58b2,14968.8,1,14968.8,372,575,0.004603089652173825
d83602af-8fe8-4c56-b18f-21ea9290dc62,14953.4,2,7476.7,141,576,0.004598353963231259
28ca4ad1-5fde-474b-867f-9543631f42d8,14821.8,1,14821.8,196,577,0.004557885348631153
d701aebf-e96e-4856-bbe4-d6b89e0199a1,14778.400000000001,2,7389.200000000001,6,578,0.0045445393161566506
c0580da3-b4e6-4d2b-91b3-bf0b655cd185,14715.4,6,2452.5666666666666,234,579,0.0045251660432097905
0c2bdbd6-1268-4d19-8195-2b300e0b2ec9,14392.0,132,109.03030303030303,0,580,0.004425716575415911
d9c9b44e-8d18-4ecb-8c35-28df9b562440,14345.8,2,7172.9,154,581,0.004411509508588214
2338d044-5721-4c74-b5a5-0ad908fdae42,14198.8,78,182.03589743589743,0,582,0.004366305205045541
b092f5ee-d89f-4d29-9d80-b1e3b0ef5a3a,14040.6,2,7020.3,144,583,0.004317656764090095
9bfeb00a-c4bb-4d89-acaf-6d7f2a02fb44,14029.4,109,128.71009174311925,0,584,0.00431421262667732
d7c63346-8fd5-4da4-a8de-9e891c5de2df,13991.6,6,2331.9333333333334,323,585,0.004302588662909204
b44a9f71-5499-401c-a6d6-0c3e7d10134e,13980.4,3,4660.133333333333,44,586,0.004299144525496429
8bdd0207-4760-46ae-a411-070fe0c1289e,13900.599999999999,3,4633.533333333333,10,587,0.004274605046430406
4a9134c1-df72-412d-bb36-40d310de5efd,13876.8,1,13876.8,44,588,0.004267286254428259
678d9564-aa23-4358-a5d7-aaa43837d842,13876.8,211,65.76682464454976,3,588,0.004267286254428259
074de745-73a7-4745-a097-6dbf688df976,13743.8,37,371.45405405405404,10,590,0.004226387122651556
149beaba-4804-478b-8224-9c575e37dc78,13721.4,191,71.83979057591623,0,591,0.004219498847826006
a8deb733-15d0-4f70-97bf-db08e6abf81d,13714.4,1,13714.4,252,592,0.004217346261943022
1c2e8e1d-6ffd-4ff7-9720-58b9f243438d,13654.2,42,325.1,1,593,0.0041988340233493565
2c18ee0f-00b9-4686-ad68-8f5bdf3f9756,13592.6,105,129.45333333333335,0,594,0.004179891267579093
ddf20fac-aaf6-43a6-9ae9-f100eb0b4cfa,13566.0,34,399.0,15,595,0.0041717114412237535
74bab818-be65-4665-91fa-eee7636ac1c2,13557.6,28,484.2,0,596,0.004169128338164171
3b7b3c24-dfd4-4617-bb95-8a79d1dba08e,13532.4,1,13532.4,291,597,0.0041613790289854275
e433a024-7b22-45f8-87a6-1cb9261a9af0,13465.2,1,13465.2,354,598,0.004140714204508778
ea445310-db09-4437-ad66-604cf933fecb,13388.2,1,13388.2,192,599,0.00411703575979595
ebf1053d-c1d3-43fe-ab10-b6bbbc836965,13249.6,6,2208.266666666667,6,600,0.004074414559312858
5ffeb96d-46d4-414e-837f-94bf0d3535a9,13244.0,1,13244.0,141,601,0.004072692490606471
5327aa34-ffff-4048-a894-89cded1ebbf2,13155.8,1,13155.8,472,602,0.0040455699084808675
dd1d8507-cf95-4bab-b7e8-d05cd01a7569,12966.8,2,6483.4,200,603,0.003987450089640288
3d6557cf-6313-452e-950c-58954e897821,12906.6,236,54.68898305084746,0,604,0.0039689378510466234
9e8bbf69-ad00-4a3d-aea7-cc7b041468b2,12889.8,209,61.67368421052631,1,605,0.00396377164492746
72a95e9a-5417-41e6-aa90-cb8d14afe08c,12852.0,249,51.6144578313253,0,606,0.003952147681159345
12334ad5-5ebb-49b1-b1b1-4e8959b568f3,12653.2,257,49.23424124513619,1,607,0.0038910142420825883
9652afb2-3ad3-4344-a059-72a1e465dd4f,12558.0,127,98.88188976377953,0,608,0.0038617390740740003
4de5a9e6-4d00-4a94-adf3-17db9d966efd,12532.8,150,83.55199999999999,1,609,0.0038539897648952564
6d4b7d5d-7703-4817-922b-2c36723e5443,12488.0,6,2081.3333333333335,3,610,0.0038402132152441566
7b6034e0-c1db-43bb-92ef-4a1027d26690,12471.2,62,201.1483870967742,3,611,0.003835047009124994
32bf8cc1-5392-42de-8b18-1819104c5aee,12348.0,10,1234.8,282,612,0.0037971614975844687
974e6434-6c4d-4a5a-a72c-be8a2ae0c767,12224.8,104,117.54615384615384,0,613,0.003759275986043943
61fadcf7-ac99-415f-ab68-8fff15e31c6c,12063.8,1,12063.8,217,614,0.0037097665107353023
b59b615a-90ad-4d15-b6ca-a1f9a3d71172,11972.8,3,3990.933333333333,41,615,0.003681782894256505
293c1e18-2d63-41ee-8e56-062e807fe11d,11736.2,79,148.5594936708861,7,616,0.003609025491411633
fd1d5134-7856-4174-b59e-2245d6641e65,11667.6,4,2916.9,41,617,0.003587930149758386
76ecc3a3-b1fb-4f35-a785-11635d20b55d,11634.0,195,59.66153846153846,42,618,0.0035775977375200603
3feed202-e630-4cb5-9220-5bb9cc8ac452,11569.6,2,5784.8,41,619,0.0035577939473966044
1488624d-6a4e-4c2e-a862-a47af55d8ecf,11354.0,15,756.9333333333333,105,620,0.003491494302200685
55fb1ea4-8c7c-4311-99bf-bf1d615d9cee,11253.2,86,130.85116279069769,86,621,0.00346049706548571
5c2a76aa-c7f7-4aa7-b1bc-711f0430e59c,11197.2,3,3732.4,184,622,0.0034432763784218346
458ee4a5-5eaa-432e-b96b-63104d5c9fab,11151.0,61,182.80327868852459,2,623,0.0034290693115941375
d671bf1c-f00d-40df-b1e4-02e78f2e22ae,11118.8,116,95.85172413793103,1,624,0.003419167416532409
2dfe3a0c-3837-45c4-bf6b-b5a510474670,11085.2,3,3695.066666666667,98,625,0.0034088350042940844
0c4ae3dc-40c4-4cd7-8aba-89bc6a096523,11061.4,196,56.43571428571428,0,626,0.003401516212291937
f2487c32-2faa-4c93-9c05-8efe88245803,11054.4,1,11054.4,280,627,0.003399363626408953
151632c2-448d-4506-b6d3-998a69f913e0,11040.400000000001,2,5520.200000000001,84,628,0.0033950584546429846
40847e7a-f8e2-4777-b5ac-12551fa8fc93,11004.0,1,11004.0,44,629,0.003383865008051465
c2e517b0-73c8-4692-9327-4b12bd79fa03,10976.0,14,784.0,3,630,0.0033752546645195274
9250cf86-4e37-42b1-9b5f-2aade931e5a1,10932.6,1,10932.6,442,631,0.003361908632045024
008bdc8d-7851-4584-8d94-c94776091a2f,10920.0,1,10920.0,232,632,0.0033580339774556527
f2897dff-aa50-43b4-8f59-9e180ccd8914,10893.4,144,75.64861111111111,0,633,0.0033498541511003117
6eb42eb6-eb45-4712-820a-5734bf5d1987,10886.4,2,5443.2,115,634,0.0033477015652173276
12a85682-6ec2-4878-a54a-36212f78deab,10803.8,4,2700.95,36,635,0.0033223010517981115
5ea38f62-a1d1-4807-b10f-5aba1597d74b,10803.8,1,10803.8,83,635,0.0033223010517981115
16158af3-00bd-4d43-ba29-f9191a7f7af7,10676.4,2,5338.2,78,637,0.0032831239887277956
c2b87e68-e79d-4674-be80-d726ea250bea,10670.8,13,820.8307692307692,9,638,0.0032814019200214078
4e2fa7d4-ab35-4ad4-92f8-9a0667212ce3,10631.6,1,10631.6,472,639,0.0032693474390766957
7ecea0ac-f43b-41c0-ae8b-e4732043ec74,10483.2,12,873.6,291,640,0.0032237126183574266
14756391-566f-4101-8a4a-4b4c198a9630,10449.6,95,109.99578947368421,0,641,0.0032133802061191014
f3dae331-d95f-4d96-828b-f585868e19c0,10411.8,66,157.75454545454545,0,642,0.0032017562423509852
498d73d9-03f9-4015-838b-87ff7e7c27eb,10358.6,17,609.3294117647059,16,643,0.0031853965896403045
3a7f4cd7-0205-4580-b8b2-6b5db4492b55,10287.2,3,3429.066666666667,9,644,0.0031634402136338636
f10de6a3-6e6b-44ba-8a21-d8194ba2311b,10231.2,84,121.80000000000001,1,645,0.003146219526569989
6f97b52b-222e-4df2-a43f-bf61180db464,10075.8,213,47.304225352112674,0,646,0.0030984321199677345
3775c097-5f29-4614-9a24-63f59ee59c35,9872.8,140,70.52,0,647,0.003036007129361187
149eef48-df3b-46a8-b2eb-697ff2fa90ce,9870.0,1,9870.0,234,648,0.0030351460950079935
3056e019-dce6-4534-afdd-f03807ec3ef9,9856.0,46,214.2608695652174,91,649,0.003030840923242025
e15a6230-4265-4afc-9236-1441739c5788,9781.8,2,4890.9,345,650,0.00300802351288239
a79fae6a-3e18-4438-a5f5-4672339d3b1b,9758.0,147,66.38095238095238,0,651,0.0030007047208802434
67064f5d-6b03-414d-a4b6-20f4601db1fc,9571.8,2,4785.9,78,652,0.002943445936392858
7d652028-a97d-47b8-9bf8-749bf9a1d436,9562.0,3,3187.3333333333335,36,653,0.0029404323161566805
a7feb0c7-5a80-4e2b-b41d-e0d08ab117dd,9535.4,96,99.32708333333333,196,654,0.0029322524898013395
7aeda2fe-8e83-4589-9e31-ca870bf9d0a5,9508.8,220,43.22181818181818,2,655,0.002924072663445999
51b70384-4ba4-4db8-a9bc-9d73bcf5809a,9507.4,1,9507.4,70,656,0.0029236421462694017
3025e63e-f262-4ada-be8c-edbd13846192,9436.0,1,9436.0,57,657,0.0029016857702629613
315cf5c5-a702-41fe-86c0-e2b557e9985a,9427.6,204,46.21372549019608,2,658,0.00289910266720338
eed3f91d-e860-454a-8bb3-bcb3eb03ed30,9408.0,1,9408.0,266,659,0.0028930754267310235
d058468a-c122-4423-a213-27066c56976c,9343.6,3,3114.5333333333333,191,660,0.002873271636607567
15ff2d57-5f3e-4b67-8aeb-41705bbc2599,9240.0,2,4620.0,434,661,0.0028414133655393983
a8cbec11-12d4-4a9b-9ca1-43b99ab5fa7e,9199.4,2,4599.7,136,662,0.0028289283674180887
c53b0e78-0063-4101-bc2b-69f66c368f9b,9172.8,4,2293.2,42,663,0.0028207485410627476
568968a6-2266-4dc5-9880-751379de6ed2,9160.2,2,4580.1,84,664,0.0028168738864733766
2d894816-e010-4d3b-bb0d-16aee0b14270,9150.4,178,51.406741573033706,0,665,0.002813860266237198
06f12a66-d96a-4d8d-80db-9a4dcc6a6055,9122.4,3,3040.7999999999997,357,666,0.0028052499227052604
168cd6a6-b2db-418f-a732-46951103ba14,9100.0,9,1011.1111111111111,22,667,0.0027983616478797105
aaceef9c-cfc7-463a-93cc-c65568683f41,9083.2,146,62.21369863013699,0,668,0.0027931954417605483
cd5c784e-fe50-4043-b6cf-c5aed0f98310,9077.6,1,9077.6,312,669,0.0027914733730541605
db0d059d-f721-4258-bdc4-e58fbbf02b39,9044.0,58,155.93103448275863,449,670,0.0027811409608158354
7f8f533d-270a-4906-8461-a9f133130e23,8908.2,1,8908.2,111,671,0.002739380794685938
39faa472-8d56-498c-ae7c-5b8649ea723d,8850.8,1,8850.8,197,672,0.0027217295904454655
274da6d5-762f-460e-b291-edb3568668d2,8846.6,11,804.2363636363636,360,673,0.0027204380389156753
fe17e7ca-09d1-4e14-8bd4-bc32560de38c,8831.199999999999,2,4415.599999999999,137,674,0.0027157023499731095
e7ca1cf5-ed0a-4466-9b14-b084ea1adbd5,8828.4,43,205.31162790697672,402,675,0.002714841315619916
ee5de332-f695-4cff-9974-adffa890a280,8738.8,1,8738.8,192,676,0.0026872882163177154
39e00683-2b5e-4841-8f2b-3f768283fe0c,8736.0,2,4368.0,137,677,0.0026864271819645224
4a5aac66-0d24-4422-9167-5f2681277730,8736.0,14,624.0,9,677,0.0026864271819645224
939489f1-6d30-4e1b-b7f7-59b8e91a72f5,8702.400000000001,2,4351.200000000001,136,679,0.0026760947697261972
b642ab9d-9e8a-453d-a197-4459bf6f3fdf,8691.2,4,2172.8,24,680,0.002672650632313422
0c8843aa-6f20-4456-a056-cda48fe17b79,8678.6,1,8678.6,192,681,0.00266877597772405
f19e3a3b-e87a-4eae-b67b-093eea6d4279,8668.8,118,73.464406779661,1,682,0.0026657623574878717
a28954d9-05d8-4da4-be6a-6e5fbf2ec348,8645.0,166,52.07831325301205,0,683,0.002658443565485725
f31f4bc8-b06a-4f84-a6e1-0e1b79ac2844,8584.8,175,49.056,3,684,0.002639931326892059
8b32677e-1758-43cf-9345-93d9cf2fb707,8489.6,2,4244.8,91,685,0.0026106561588834713
5e052d5c-a8dd-4f31-a703-918f73fd8c82,8482.6,1,8482.6,374,686,0.002608503573000487
bfc2b461-02dd-4a89-8952-4776ebd47fc1,8465.8,3,2821.933333333333,36,687,0.002603337366881324
16184494-4718-46ae-8a3d-04bc665244b9,8419.6,3,2806.5333333333333,36,688,0.0025891303000536276
e3ae1307-1c4a-4e61-81fe-c66b490b9bb3,8411.2,3,2803.7333333333336,36,689,0.0025865471969940463
1387fcd0-94d5-4e1a-9a92-4a6633abfaa3,8400.0,1,8400.0,24,690,0.002583103059581271
ecff0af4-6212-4e1e-84cd-f0057df27964,8400.0,11,763.6363636363636,0,690,0.002583103059581271
d7ea291a-a7b0-41c2-93d0-e1962b39c548,8348.2,2,4174.1,221,692,0.0025671739240471867
46d120aa-bb7f-41ae-b192-af1a3b44f080,8255.8,3,2751.933333333333,7,693,0.0025387597903917926
17ef9723-7467-4588-9155-1be7671a0cf6,8250.2,3,2750.066666666667,36,694,0.0025370377216854052
67163235-8361-4ab1-947e-5c498af629be,8187.2,1,8187.2,91,695,0.002517664448738545
2626bf87-f9d8-497b-b585-8ca4a225a307,8160.6,159,51.324528301886794,14,696,0.002509484622383205
d4367d3f-ad9a-4759-a340-2a955e8e88e3,8157.8,1,8157.8,23,697,0.002508623588030011
bf2208fc-8e94-4ef7-9c05-b85e024974fe,8148.0,8,1018.5,256,698,0.002505609967793833
f88d7a7c-c975-46f7-93a5-ba3c85f1fb27,8034.6,3,2678.2000000000003,16,699,0.002470738076489486
b919aedc-1e90-4f8d-a190-6610a75a80e7,7938.0,6,1323.0,1,700,0.002441032391304301
62ebe034-388f-4d0f-aeba-b1329b28f78d,7840.0,2,3920.0,7,701,0.0024108961889425197
ce9f0365-9c1b-4244-8e5c-2dbfcf24d992,7761.6,1,7761.6,232,702,0.0023867872270530947
bc33dfa7-3fb4-4572-b8b6-709d00982a7a,7760.2,192,40.41770833333333,0,703,0.0023863567098764975
cc1d30bc-b4f4-44b4-b15d-11de1f218f06,7728.0,23,336.0,13,704,0.0023764548148147695
e7ef92db-97f1-47a3-aefb-165309c355d3,7700.0,1,7700.0,402,705,0.002367844471282832
44ca32ba-9ffb-4b84-b05f-e0083646b65b,7611.799999999999,2,3805.8999999999996,86,706,0.0023407218891572283
0096493f-2e50-4c1d-a466-045729b361f8,7582.4,2,3791.2,86,707,0.002331681028448694
4d1c0273-ceb4-425e-b13c-ab63ec629689,7576.8,1,7576.8,192,708,0.002329958959742307
b0603abe-7c1d-4134-bb64-e7e6179fe807,7576.8,15,505.12,16,708,0.002329958959742307
6a6b9c44-ad8c-4e61-b802-872dd1915404,7574.0,182,41.61538461538461,3,710,0.002329097925389113
5618de61-43cf-4db1-b703-70b6d766e9be,7562.8,20,378.14,219,711,0.002325653787976338
980c4fed-85c9-48f9-aefb-cb2d7c6bd8eb,7543.2,1,7543.2,417,712,0.0023196265475039814
3d79d16b-da13-453d-a8c3-f7199a6cdfb2,7526.4,136,55.34117647058823,0,713,0.002314460341384819
e7f65b07-5fa9-4817-910c-aaf57e33d464,7494.2,1,7494.2,113,714,0.0023045584463230904
520332a8-e359-43ca-a298-ffcf4a466622,7484.4,2,3742.2,44,715,0.0023015448260869124
b798a82b-5312-4fe5-9361-4aecc19a1a5e,7438.2,3,2479.4,259,716,0.0022873377592592154
156ce976-336b-4246-8aa7-46d0dd6b512f,7376.6,1,7376.6,303,717,0.002268395003488953
1dd8c378-98b8-4a90-9572-68c7482dca42,7337.4,32,229.29375,0,718,0.00225634052254424
03de0be7-061f-495f-b358-10edfa876017,7238.0,4,1809.5,106,719,0.0022257738030058622
c6c98fc4-df4a-4a30-a15e-bb89d7ce65fe,7196.0,7,1028.0,9,720,0.0022128582877079554
b2b9a110-f871-46ef-80f0-d49873ab9617,7189.0,9,798.7777777777778,1,721,0.002210705701824971
c83dc9a6-f67c-48bd-b765-8057ebf8e8d5,7158.2,14,511.3,9,722,0.00220123432393984
1b893aae-eca4-43ca-9add-f5200d048e8b,7148.4,2,3574.2,55,723,0.0021982207037036616
75671d2a-1bc3-420c-bc53-be0b7b7a459e,7140.0,1,7140.0,442,724,0.0021956376006440803
f1e91012-145e-48d0-9f44-0eece3550148,7131.6,11,648.3272727272728,9,725,0.0021930544975844995
194da552-5cd7-4a25-ba51-be355a5f3640,7120.4,3,2373.4666666666667,7,726,0.002189610360171724
f6c4cba7-e5cb-4093-9af5-1e876b0bfb39,7119.0,1,7119.0,189,727,0.002189179842995127
8a55a749-41d4-45b6-a9c9-2f2f9c51987b,7114.8,137,51.932846715328466,1,728,0.002187888291465337
fad2b5a6-30d3-487a-90b2-aa9d2d219983,7015.4,78,89.94102564102563,2,729,0.002157321571926958
67b2cd49-5dc3-4df3-91d5-d2cf8062324c,7000.0,2,3500.0,345,730,0.0021525858829843925
ea53c2ca-ae9d-4427-9580-82311969b2ea,7000.0,1,7000.0,197,730,0.0021525858829843925
60d4ad47-3e2f-4f21-9905-3b5ae0d8f420,6997.2,1,6997.2,135,732,0.002151724848631199
80485e32-a4aa-4fe1-a26f-3a97a86773fc,6991.6,34,205.63529411764708,0,733,0.002150002779924811
38a49378-59c6-4588-9473-90ba40b5fa2c,6972.0,11,633.8181818181819,9,734,0.002143975539452455
98a1cd1c-5415-4118-bfe0-a04290653141,6911.8,48,143.99583333333334,13,735,0.0021254633008587894
bca41c07-4e4a-4098-bcdc-77599d4e9151,6851.6,172,39.834883720930236,7,736,0.0021069510622651237
d915b4a4-bc66-4872-baaa-54de3415df00,6837.599999999999,186,36.76129032258064,0,737,0.0021026458904991547
7f68271e-cf8f-4d9b-a547-8b01d8418eb4,6827.799999999999,3,2275.933333333333,140,738,0.002099632270262976
83d1517f-5acd-43a1-b7c6-797ffaa6d30d,6792.8,147,46.20952380952381,7,739,0.002088869340848055
703b2a7b-d9ce-4e18-a811-38eed832cdc2,6748.0,98,68.85714285714286,219,740,0.0020750927911969545
83eacca6-f07a-463f-839a-5588f23cb46e,6619.2,176,37.60909090909091,0,741,0.002035485210950042
160107bb-d110-4ae6-83f7-81854beaacd1,6617.8,3,2205.9333333333334,10,742,0.0020350546937734446
428d1631-089b-440c-ae47-e473ea578d2b,6573.0,1,6573.0,284,743,0.0020212781441223448
7366ae00-3483-44f9-a4f8-0f979ca859d2,6540.8,34,192.3764705882353,0,744,0.0020113762490606164
508f027b-d12f-4487-b1ba-4cbc1c4f12ca,6505.8,2,3252.9,144,745,0.0020006133196456945
23243104-4a01-4b25-b258-4cc078ff2ac3,6496.0,100,64.96,2,746,0.001997599699409516
2e99f915-2f6f-4677-9341-4b3469cf3354,6494.6,1,6494.6,204,747,0.0019971691822329198
371d2fcc-9488-489c-83a6-4237b2126a0c,6454.0,3,2151.3333333333335,14,748,0.00198468418411161
df5b92f3-cc39-4510-8f0a-70d6f613dcf1,6451.2,11,586.4727272727273,44,749,0.001983823149758416
7a7311a0-8c08-4915-bb93-08275db32c6e,6440.0,8,805.0,9,750,0.001980379012345641
fdce0fea-5cf7-4783-8340-18367180c6ed,6430.2,144,44.65416666666667,7,751,0.001977365392109463
699be8ed-2dec-4f37-971d-d7138c47de5c,6414.8,9,712.7555555555556,9,752,0.0019726297031668976
47cd76c4-65dc-4c11-acd6-b69083864ff0,6412.0,10,641.2,9,753,0.0019717686688137037
891e679d-932c-4317-92f6-2175b8844f7b,6395.2,116,55.13103448275862,1,754,0.001966602462694541
be4e2edc-af09-49c4-90cd-129adf480dd1,6386.8,134,47.66268656716418,7,755,0.00196401935963496
08ee2919-d3d7-4f2e-a38d-e4fbd90135da,6300.0,1,6300.0,210,756,0.0019373272946859533
027097ce-126a-4cd5-b402-096584db70c1,6300.0,3,2100.0,345,756,0.0019373272946859533
6eeb09de-d752-403f-8b45-0a1553df474c,6283.2,1,6283.2,472,758,0.0019321610885667908
dfeaaac1-725e-41e5-8530-1eda21249753,6216.0,1,6216.0,269,759,0.0019114962640901408
ddc1591b-2a05-4904-ad0f-881704cdc1f6,6165.6,42,146.8,1,760,0.001895997645732653
d09cb0b3-7d92-4a4e-98b8-f1c5e3410431,6155.8,35,175.88,38,761,0.001892984025496475
9c77dd4e-311c-4cb2-9abb-18e793000fd0,6150.2,143,43.008391608391605,69,762,0.0018912619567900875
7a0d163d-51c5-4af0-aead-b33c542f67c7,6150.2,1,6150.2,205,762,0.0018912619567900875
954c3cd8-c29d-43bd-ab26-ab9159368003,6143.2,1,6143.2,111,764,0.001889109370907103
c5324858-c287-492a-89b4-378cfc1166b4,6116.6,148,41.32837837837838,1,765,0.0018809295445517626
0980a437-8bc3-4271-9d57-52862cba1da9,6097.0,1,6097.0,111,766,0.001874902304079406
86ee3a55-00d0-4414-9692-a70b08f57f9f,5978.0,128,46.703125,2,767,0.0018383083440686712
b302f45a-1a1c-4ae3-b057-67a4e7186d82,5948.6,45,132.19111111111113,220,768,0.001829267483360137
56ba2e9c-f297-46e8-bf90-75e87b5d545c,5880.0,2,2940.0,76,769,0.0018081721417068897
d00501c8-2e7c-4431-bac6-756a30750e87,5856.2,135,43.37925925925926,1,770,0.0018008533497047426
e2d8125a-d94a-445c-8bf3-df0777ac75dc,5723.2,15,381.5466666666667,9,771,0.0017599542179280393
4f31b1a3-516a-473c-a85d-0eb188c11364,5700.8,1,5700.8,49,772,0.0017530659431024894
e5011ef6-7bad-4b5f-9401-c5f1b2270a1f,5699.4,7,814.1999999999999,8,773,0.0017526354259258922
292150fe-f63f-4951-b9cc-5a23ef2c2875,5658.8,4,1414.7,7,774,0.001740150427804583
1259a1ff-0de0-4afd-8353-79dff0fb7ea4,5600.0,1,5600.0,205,775,0.0017220687063875142
db680b4d-98c5-4ec1-94b3-74f4e177dd63,5600.0,2,2800.0,192,775,0.0017220687063875142
a534a069-2289-4394-a786-ea3b3e8c8299,5581.8,134,41.65522388059701,1,777,0.0017164719830917547
df815170-6b6c-472a-8cc6-c3d28830a1bc,5577.6,1,5577.6,7,778,0.0017151804315619643
ee8c7f4d-eaab-45ab-b045-2216e7f1602f,5524.4,7,789.1999999999999,22,779,0.0016988207788512827
f790bf9f-574a-4e4c-af99-6722b44d1b86,5520.2,146,37.80958904109589,1,780,0.001697529227321492
d7ba5645-4f4c-4b81-b9f2-3e7a1f4d9ba4,5502.616,2,2751.308,252,781,0.0016921219315834352
6a4a714c-a02b-48cf-ac93-ce599902ea2d,5490.8,1,5490.8,380,782,0.0016884883666129578
eb5fbc6c-e30a-478d-a7da-a59c0599fcfe,5464.2,85,64.28470588235294,196,783,0.001680308540257617
610760c5-3d5e-468a-92bc-be2f6bdc808e,5460.0,1,5460.0,158,784,0.0016790169887278264
af683476-6bb5-4cf4-bf56-593da9efdd16,5439.0,84,64.75,15,785,0.0016725592310788732
7ca221ee-bb61-4362-9346-49f8e2b2ce53,5392.8,3,1797.6000000000001,337,786,0.0016583521642511761
3598760f-c1ad-4045-93e4-65fd228b7ec2,5320.0,1,5320.0,434,787,0.0016359652710681385
79b80c5f-749d-4011-8918-4ae47b41760a,5320.0,1,5320.0,101,787,0.0016359652710681385
53bef5db-8d2c-4521-8910-721bdad2cb11,5315.8,72,73.83055555555556,2,789,0.0016346737195383479
7303e0b7-d1b7-4c50-a25f-9412852ccb57,5292.0,137,38.627737226277375,22,790,0.0016273549275362008
34e11ee5-2fd3-4e96-bb48-277ea76ebd19,5278.0,3,1759.3333333333333,360,791,0.001623049755770232
2777dcd0-d662-4c6e-9e78-e619218c5771,5257.0,9,584.1111111111111,9,792,0.0016165919981212787
4bb2c8ac-b1f1-4759-845c-0a656a2da50f,5212.2,136,38.324999999999996,1,793,0.0016028154484701788
478ca7da-2d36-480d-8035-22ee91433f20,5135.2,3,1711.7333333333333,86,794,0.0015791370037573505
39edd523-c254-4cdf-9815-b5201693950f,5103.0,65,78.50769230769231,218,795,0.0015692351086956222
74de5124-8833-445d-84d4-33f3e542b405,5075.0,2,2537.5,395,796,0.0015606247651636848
693bd619-d44c-4493-8e93-839565c7e22a,5070.8,22,230.4909090909091,0,797,0.0015593332136338942
96ef3816-4077-4060-b7db-c0377cba82fd,5003.6,93,53.80215053763441,0,798,0.001538668389157244
721b6245-94c5-494b-9586-24606e4449dd,4984.0,32,155.75,41,799,0.0015326411486848877
7e15ac8a-f529-45a9-a693-e5e7df8d1bf4,4905.6,1,4905.6,7,800,0.0015085321867954625
0b66a644-c1dd-4103-bb21-9896c2e70fd2,4888.8,9,543.2,0,801,0.0015033659806763
caf331bd-e856-4aff-a4c9-113edbc82916,4851.0,1,4851.0,210,802,0.0014917420169081842
42583665-e675-4e09-b356-8ac8a70919c7,4838.4,10,483.84,118,803,0.001487867362318812
d35f48ba-6024-4fe8-8fec-185db79d4d79,4760.0,2,2380.0,7,804,0.0014637584004293868
3a7f524c-6da3-4277-8fcd-e88f470e1534,4758.6,5,951.72,44,805,0.0014633278832527903
0a97778f-bdcf-4349-b1fd-4195c5545746,4750.2,135,35.18666666666667,0,806,0.0014607447801932088
64faa881-a1b0-44e0-87c0-e0488a160d41,4732.0,30,157.73333333333332,41,807,0.0014551480568974493
367b5c1f-3a09-4ad0-bb5f-84794017b056,4732.0,4,1183.0,24,807,0.0014551480568974493
a76d4fb8-c40c-4d2d-9787-d25fd7dd8a62,4706.8,6,784.4666666666667,9,809,0.0014473987477187057
2fde452a-a6e0-4f21-8203-853b667e0899,4705.4,1,4705.4,14,810,0.0014469682305421085
605398d1-d293-492f-8332-69a6f74f7116,4704.0,9,522.6666666666666,118,811,0.0014465377133655118
fca8fb87-c75f-48e5-9eb2-75f0488b505b,4667.6,1,4667.6,44,812,0.0014353442667739932
f88a44f3-08c8-4f3e-bfb0-c5db0bce2070,4648.0,2,2324.0,114,813,0.0014293170263016367
f0002aa8-beed-4756-b6df-6c5bb2d61286,4641.0,55,84.38181818181818,0,814,0.0014271644404186524
c89c8c3e-b26e-4976-8068-8885aca4f289,4620.0,1,4620.0,252,816,0.0014207066827696992
2afab9be-3a76-40a6-8307-2f6032ea5ed7,4620.0,1,4620.0,189,816,0.0014207066827696992
e965a2df-2326-45b9-a9b2-dcca5dd70acb,4620.0,1,4620.0,442,816,0.0014207066827696992
e91dcee1-0583-4cbf-9597-4077434b5294,4617.2,1,4617.2,240,818,0.0014198456484165053
8c90c6d8-cf82-434f-b611-469fc8eabd1d,4614.4,9,512.7111111111111,9,819,0.0014189846140633116
9f52e7d4-9ec8-4f0f-b870-387d30e65150,4594.8,1,4594.8,22,820,0.0014129573735909553
2469ecba-28f1-47c5-b680-1e58f763b83b,4592.0,1,4592.0,142,821,0.0014120963392377616
15a51552-33c7-4010-8b54-03e9c525f5e7,4569.6,1,4569.6,358,822,0.0014052080644122117
a5367f35-855f-4a66-af1f-868077d48aab,4524.8,109,41.51192660550459,28,823,0.0013914315147611114
ddf75361-0a10-4814-a121-c84189f280c1,4516.4,2,2258.2,42,824,0.0013888484117015299
a7a7e2b3-1e7e-4737-b1f2-2ae63e097fee,4503.799999999999,2,2251.8999999999996,23,825,0.001384973757112158
df7b4992-0237-41c9-aad7-c6bc924656ab,4494.0,1,4494.0,402,826,0.00138196013687598
d2690528-efa1-4248-b6dd-0ec46a1eab29,4485.6,2,2242.8,42,827,0.0013793770338163989
49ed5d9f-4ff3-43f2-a5a7-2692c6001564,4460.4,2,2230.2,86,828,0.001371627724637655
8a0392e2-f467-4c73-9952-4994cd59c042,4452.0,2,2226.0,38,829,0.0013690446215780736
fd078289-6031-4f18-be1f-6249a2450875,4446.4,8,555.8,13,830,0.0013673225528716862
5ba38c0e-7253-45c2-8c9d-eaf536fba6b2,4408.6,2,2204.3,357,831,0.0013556985891035706
e517b7b1-0fed-4a97-b00a-ada6f121c31f,4368.0,1,4368.0,189,832,0.0013432135909822612
76724815-8621-4b37-ade6-47511e3f88f4,4358.2,1,4358.2,141,833,0.001340199970746083
739911a3-4ebd-4179-a2de-5bbe0468a77d,4356.8,106,41.10188679245283,15,834,0.001339769453569486
cfdfa1b4-2d44-4590-9014-261189fa52a4,4341.4,51,85.12549019607843,441,835,0.0013350337646269202
69b15dc5-f6be-463d-82be-0b40e1a11ef7,4334.4,2,2167.2,374,836,0.0013328811787439358
5dcd6621-8f3f-4b77-a974-7652eff9d9d6,4323.2,2,2161.6,240,837,0.0013294370413311609
b62afba6-0d1c-419a-8971-5dfb2935392a,4298.0,54,79.5925925925926,14,838,0.001321687732152417
3abcb28e-df32-4cb9-a391-a1d47f4b6c72,4284.0,3,1428.0,7,839,0.0013173825603864484
086fab99-6202-4466-9a97-9ecd57b5ae96,4275.6,1,4275.6,141,840,0.001314799457326867
c548dc65-bceb-41a1-a632-4df6231d1598,4223.8,88,47.997727272727275,3,841,0.0012988703217927827
d8c9d6dd-3fb0-4788-81e1-517a2fa21f64,4214.0,5,842.8,7,842,0.0012958567015566044
e9445ae5-ac4a-4c8a-baa6-d7c34de3a94f,4200.0,2,2100.0,337,843,0.0012915515297906356
cd19fd00-eb8e-43ba-83bc-63ce571f7a06,4200.0,2,2100.0,16,843,0.0012915515297906356
1451339e-4d45-4dbe-b30a-c409a19e6f34,4198.6,1,4198.6,312,845,0.0012911210126140388
4ea40519-9f35-4d9b-8237-4fb3d6036cf7,4198.6,46,91.27391304347827,378,845,0.0012911210126140388
13e79357-3f61-4c7d-9f73-9df6dc2d0f16,4193.0,1,4193.0,346,847,0.0012893989439076512
6ef68b9a-3285-4d8f-8aba-793919c3f663,4130.0,136,30.36764705882353,0,848,0.0012700256709607916
52f9aab7-a56d-41dd-804a-04dd7d15bf22,4124.4,1,4124.4,358,849,0.001268303602254404
703c3459-cb6d-4327-85b3-6382664eda3c,4117.4,1,4117.4,142,850,0.0012661510163714195
746acece-ad23-4be2-94ea-1323a67118e6,4113.2,42,97.93333333333332,220,851,0.001264859464841629
fbc0b566-b440-4a67-af44-9cae6a440b89,4092.2,113,36.2141592920354,1,852,0.0012584017071926759
2da971e8-6dd6-4b84-886e-cc7224719c68,4065.6,1,4065.6,380,853,0.001250221880837335
b4b3542b-49a7-4388-a441-0b249d407a96,4037.6,1,4037.6,322,854,0.0012416115373053978
1ab3c1e9-e666-49fb-a8c0-851db2e2cf3e,4030.6,1,4030.6,381,855,0.0012394589514224132
ab2d1b88-fe0a-4cbf-808c-4a2084bba5b0,4029.2000000000003,89,45.271910112359556,1,856,0.0012390284342458165
7956f5d8-52dc-4970-bc7e-65a18ae9728f,4011.0,45,89.13333333333334,329,857,0.001233431710950057
a1a87686-1683-469a-bf22-7711fa3609df,4004.0,31,129.16129032258064,38,858,0.0012312791250670726
4a1594d0-2509-43eb-a3fa-0f2824ef799e,3977.4,1,3977.4,142,859,0.001223099298711732
434b07df-cc44-44c9-a593-745ce4e4def6,3964.8,1,3964.8,497,860,0.00121922464412236
5c1bc375-cd63-4837-9df5-9c43e806ef63,3956.4,104,38.042307692307695,0,861,0.0012166415410627786
a8607edd-f062-49f4-8c38-8e44185f22cd,3927.0,56,70.125,1,862,0.0012076006803542444
1dbbab88-64d7-4743-8325-1c6a5a2db166,3903.2,8,487.9,50,863,0.0012002818883520973
7283cabb-fec5-4272-afb2-231805380415,3897.6,1,3897.6,206,864,0.00119855981964571
edd014a5-4a20-434d-8614-5407b370aab7,3879.3999999999996,33,117.55757575757575,2,865,0.0011929630963499504
03982d24-e0ee-44f6-a2d2-8e674e6f9472,3875.2,98,39.542857142857144,1,866,0.0011916715448201597
d6e02d8f-eada-4a9a-b4b7-8bbe52ba002b,3830.4,1,3830.4,7,867,0.0011778949951690596
14aa8451-3eb5-452b-82f3-784b0bea8370,3817.8,2,1908.9,6,868,0.0011740203405796877
8603210c-8ca6-43e0-acee-ff4a177b4518,3813.6,95,40.14315789473684,1,869,0.001172728789049897
ce0ca13c-cf5a-41e6-a688-dc8eab890e2f,3808.0,1,3808.0,189,870,0.0011710067203435095
564dce90-62f3-4c68-83f2-3d20f802005d,3801.0,3,1267.0,382,871,0.0011688541344605252
e24e4d49-6907-4ae2-9078-afbd4614b575,3784.2,10,378.41999999999996,9,872,0.0011636879283413626
e66a0076-9479-485a-a997-9b5d31a4daa7,3766.0,13,289.6923076923077,9,873,0.0011580912050456033
0913d014-b72e-4181-b247-fc7ef4cece58,3750.6,1,3750.6,298,874,0.0011533555161030375
8b9b4e42-4720-4431-b050-f99edc285ec0,3718.4,87,42.740229885057474,2,875,0.0011434536210413093
62dd3875-26dd-4ae2-9ce2-39e5c3ac3778,3707.2,1,3707.2,84,876,0.0011400094836285343
2c09c15a-5175-4be8-b116-4b92db4b1e37,3626.0,10,362.6,389,877,0.0011150394873859154
43a91254-35a4-4f63-947d-5ddef45bf0f1,3574.2,2,1787.1,197,878,0.0010991103518518308
c6406c79-cca5-4f28-ab18-f5ec66ef9a56,3530.8,4,882.7,16,879,0.0010857643193773277
5da79577-c8b2-4e6b-b605-e4ce7084c1a1,3519.6,3,1173.2,14,880,0.0010823201819645525
ea35a7e3-8b46-4729-b065-05c130cb42e7,3511.2,1,3511.2,217,881,0.0010797370789049712
f2500cb9-3118-4194-939a-1c0f411330e9,3500.0,2,1750.0,443,882,0.0010762929414921962
8cd99b8f-f700-4f8a-bd90-796820d622b6,3495.7999999999997,52,67.22692307692307,0,883,0.0010750013899624056
7958c275-9b09-4499-9c2e-7831d067cc37,3469.2,10,346.91999999999996,8,884,0.0010668215636070648
77c6fa10-5676-4413-911f-4769c9738c61,3444.7,4,861.175,101,885,0.0010592875130166195
41176bc7-ba73-40fc-8490-75b8dd836c0f,3444.7,4,861.175,101,885,0.0010592875130166195
35b6fcd0-5e73-48b1-98d4-759639d105c6,3400.6,2,1700.3,374,887,0.0010457262219538178
a06ff28a-2003-4966-aad4-317103164c5f,3392.2,66,51.39696969696969,15,888,0.0010431431188942365
d01674a0-7c1d-4f7b-9f8b-37fb6183a5bd,3378.2,4,844.55,165,889,0.0010388379471282679
d6c09866-190e-4991-9e68-3458da487946,3290.0,4,822.5,9,890,0.0010117153650026644
f33d2bef-5c3c-4855-9b71-6d7a6987ae68,3277.3999999999996,7,468.19999999999993,8,891,0.0010078407104132925
9e5aba73-70c7-4c4b-be2a-cece8911e715,3271.8,24,136.32500000000002,69,892,0.0010061186417069051
8600da72-2622-4f3f-9d67-c2bc9e56bc77,3250.8,3,1083.6000000000001,196,893,0.0009996608840579521
4832cf3c-58f4-4e3c-b68b-8ec79e0211b4,3248.0,2,1624.0,374,894,0.000998799849704758
4443326f-4011-44cd-8430-cb753c929ee7,3239.6,26,124.6,504,895,0.0009962167466451767
e1519399-8d70-4a73-8906-3455745428d4,3239.6,24,134.98333333333332,212,895,0.0009962167466451767
058cf0c0-bbc9-4f55-b075-6152a74e8982,3164.0,31,102.06451612903226,1,897,0.0009729688191089455
e3792c75-a3ea-492a-860b-7ca1cc734642,3150.0,1,3150.0,101,898,0.0009686636473429767
14e6345f-609c-42f5-9201-15048f594ed8,3106.6,1,3106.6,7,899,0.0009553176148684734
c8cf1335-8b9a-45dd-b581-fbe46d561005,3103.8,8,387.975,494,900,0.0009544565805152796
a04d9dc0-4e95-45ab-9dbf-be27dcee774f,3095.4,7,442.2,43,901,0.0009518734774556986
559b4db8-efde-4312-85e2-b69a3dbb5a0a,3080.0,1,3080.0,189,902,0.0009471377885131328
94fcd8e6-cf0e-4d4f-b617-a7b707d574fb,3060.4,90,34.004444444444445,22,903,0.0009411105480407764
9b38f600-971a-4593-8af3-d84bbcc89872,3049.2,1,3049.2,442,904,0.0009376664106280013
234aebb2-03db-4643-8cb0-cac4dbc1168a,3046.4,1,3046.4,118,905,0.0009368053762748077
4faa5334-a0e9-4a62-9b93-b56b0c755451,3033.8,1,3033.8,41,906,0.0009329307216854358
a300be75-2f59-4baf-ae01-a72a5eb54822,3024.0,2,1512.0,0,907,0.0009299171014492576
6e2bdce7-2621-4e2a-a82e-b680aec0ef77,3024.0,1,3024.0,141,907,0.0009299171014492576
b0eeecda-fe55-4e37-ac3e-a2a79b4550f0,3018.4,1,3018.4,210,909,0.0009281950327428701
61262a04-454f-4226-875a-5b0bc9dd7b34,3012.8,114,26.4280701754386,2,910,0.0009264729640364827
e34e7c67-c759-44cb-8b4f-dc8528caf798,3010.0,1,3010.0,111,911,0.0009256119296832889
e9966457-22d6-44e2-9f81-1d33ea404f4d,2976.4,1,2976.4,118,912,0.0009152795174449638
7afcedbd-9718-44ff-8ede-efc0e0185061,2975.0,12,247.91666666666666,0,913,0.0009148490002683668
648688f8-e8f8-4f9a-89c3-2d4443070ea6,2969.4,1,2969.4,269,914,0.0009131269315619795
dfdbc790-27e3-4f0a-a947-dd5f97ac3d47,2917.6,9,324.17777777777775,9,915,0.0008971977960278948
b8b7f86a-6185-4a95-806d-a2ac5d5a3689,2898.0,1,2898.0,111,916,0.0008911705555555385
739eb0c3-1151-45c3-b9f2-612f09ab79fa,2867.2,1,2867.2,69,917,0.0008816991776704071
4e2358b0-1a71-4a58-9eb7-91e4e8356b15,2842.0,1,2842.0,119,918,0.0008739498684916634
ca7f4185-e760-470a-be00-88647bf42b21,2835.0,1,2835.0,284,919,0.000871797282608679
d576f9b9-d3ac-478a-9902-576e28751233,2800.0,1,2800.0,210,923,0.0008610343531937571
feeda1e1-e8f5-4707-8920-602ad21d48fb,2800.0,3,933.3333333333334,337,923,0.0008610343531937571
1580afd5-14fa-4705-a71b-2668dd12b0cb,2800.0,1,2800.0,234,923,0.0008610343531937571
ac8f4618-b0c1-4348-86c5-e77a4f91e013,2800.0,2,1400.0,443,923,0.0008610343531937571
281d65e6-f075-4c62-961d-40cdf8f7d8d9,2800.0,1,2800.0,410,923,0.0008610343531937571
ac658685-7121-43d9-8826-26555a1413dc,2800.0,2,1400.0,76,923,0.0008610343531937571
b031a4dc-406d-435e-89a1-ee66c544ab37,2800.0,1,2800.0,197,923,0.0008610343531937571
6d2eaf19-f243-4deb-b7d1-c8eab62e9df3,2788.8,1,2788.8,472,927,0.0008575902157809821
e6c2a002-eb4d-493f-b27b-7e988c2f45e5,2786.0,1,2786.0,472,928,0.0008567291814277882
17f59277-c7e2-47e1-a7bd-3c0963f52786,2784.6,1,2784.6,284,929,0.0008562986642511913
a086eed6-b0e3-495f-8e01-2dfcbcacbc1b,2783.2,51,54.57254901960784,0,930,0.0008558681470745944
d03b40db-32da-4034-9171-995faef6aa79,2777.6,15,185.17333333333332,205,931,0.000854146078368207
13c2c0fa-a217-45a7-a185-ed6cc3ab793a,2765.0,1,2765.0,472,932,0.0008502714237788351
bf0ca328-9a27-4291-9e1b-ca5a3433773b,2718.8,11,247.16363636363639,211,933,0.0008360643569511381
6cd70baf-f3d6-4945-bfd7-d22fac63fa88,2717.4,1,2717.4,496,934,0.0008356338397745413
6c7b1c0d-996b-4579-b6bb-b517354fee57,2714.6000000000004,3,904.8666666666668,24,935,0.0008347728054213476
47659525-2345-4a7b-a1d8-51cd780552f5,2709.0,6,451.5,1,936,0.0008330507367149599
5ca62562-2f97-45e6-947f-50fd78d3e1da,2679.6,78,34.353846153846156,0,937,0.0008240098760064255
0d88654e-580d-41b0-85e3-bbba6cadf4b3,2661.4,13,204.72307692307692,205,938,0.0008184131527106662
4b1d30bd-3972-411f-980a-b4b8cf24ae73,2660.0,7,380.0,9,939,0.0008179826355340692
7bcea058-f6e6-4a44-abcf-dadbe03fa2b6,2630.6,49,53.68571428571428,7,940,0.0008089417748255347
2fd45861-a29a-415e-ac5d-cea5bc630e48,2623.6,78,33.635897435897434,2,941,0.0008067891889425502
32a878b4-7ffa-4b94-80e8-dce7045fbe05,2609.6,3,869.8666666666667,27,942,0.0008024840171765816
18e4b45c-8cc2-4e82-b356-09a34c2d37a3,2609.6,3,869.8666666666667,27,942,0.0008024840171765816
5f3d2ddc-28ef-435a-b254-613e4dc78e82,2604.0,13,200.30769230769232,205,944,0.0008007619484701941
1e648d4b-0ef1-494f-9d5b-358b13319515,2601.2,62,41.95483870967742,312,945,0.0007999009141170003
f6f8e133-68da-4ec0-96c5-23aa4d529fa4,2591.4,22,117.7909090909091,107,946,0.000796887293880822
1cae9cd9-7437-43d5-a340-0df78d5e2deb,2591.4,76,34.097368421052636,294,946,0.000796887293880822
bc060377-071d-49ea-81c4-a77c757ab191,2573.2000000000003,5,514.6400000000001,9,948,0.0007912905705850628
95c5aa4d-fb16-42f0-b789-448af92d2860,2550.8,3,850.2666666666668,382,949,0.0007844022957595128
29d4e457-9815-4265-947b-3874ec62d303,2520.0,2,1260.0,73,950,0.0007749309178743813
ab1e0f64-ebdf-45e9-8f67-7318e414bae9,2507.4,83,30.20963855421687,97,951,0.0007710562632850096
e2748a25-ad13-4c6c-8a98-a83d03dfa8fa,2486.4,83,29.956626506024097,1,952,0.0007645985056360563
63d32ce8-5a1c-49df-9a33-acdf7a3c557c,2419.2,3,806.4,13,953,0.000743933681159406
7411aa71-f4db-4ea0-bbe7-a7ebe1956b5b,2410.8,75,32.144000000000005,125,954,0.000741350578099825
9df79458-3853-4677-a5da-1924ad41cea8,2380.0,2,1190.0,7,955,0.0007318792002146934
3ff29c25-53f2-44bc-8fd8-ddaaf7a0bdf7,2343.6,14,167.4,44,956,0.0007206857536231746
9dc1731a-8478-478c-9579-628d9ad8434d,2324.0,2,1162.0,38,957,0.0007146585131508183
b6f8faca-2690-4160-a5ae-fe9712efedfc,2268.0,5,453.6,9,958,0.0006974378260869432
8693858e-574e-41e3-8513-c0c0a90fd16f,2259.6,1,2259.6,357,959,0.0006948547230273619
8e61746f-781d-43bd-bff7-ab01c651129a,2249.8,55,40.905454545454546,234,960,0.0006918411027911839
36373833-2bfd-4d6a-9492-7d23ccdd5902,2242.8,62,36.1741935483871,10,961,0.0006896885169081994
6bbf8c2a-85cd-4535-bc8f-102dd89fc8f1,2240.0,2,1120.0,442,962,0.0006888274825550056
8a134712-1f18-4b61-ab5b-439b1da39f03,2205.0,44,50.11363636363637,0,963,0.0006780645531400837
c905547e-5fd4-46c2-9c37-a8300fdd6c35,2185.4,1,2185.4,220,964,0.0006720373126677274
60f8e966-f8fe-403d-8a4a-a2fba55305b5,2170.0,2,1085.0,97,965,0.0006673016237251617
2351c8c7-e3a5-47bd-8369-91b0a3e46846,2135.0,1,2135.0,496,966,0.0006565386943102397
8425ea1b-9c46-4db9-b370-f0c44d3f2b5d,2111.2,28,75.39999999999999,485,967,0.0006492199023080928
d675d06f-5fbb-4ac6-acd7-59973029813b,2102.8,61,34.472131147540985,156,968,0.0006466367992485116
f0ea2293-f692-449a-b908-e3dce4dc24ad,2100.0,1,2100.0,140,970,0.0006457757648953178
6caf188c-6dfa-4df3-a9d6-a3913ff4ed07,2100.0,2,1050.0,16,970,0.0006457757648953178
4327f19b-e514-461e-888d-df80c009352a,2100.0,2,1050.0,197,970,0.0006457757648953178
27899713-4605-4fd3-81b7-af753bb3e96a,2100.0,2,1050.0,16,970,0.0006457757648953178
e26f362c-464a-4e68-a3d7-c19330da5d85,2066.4,1,2066.4,424,973,0.0006354433526569928
28acc447-ea30-4f6d-ab37-1e49bde5fe1d,2066.4,2,1033.2,94,973,0.0006354433526569928
d00ce231-45ab-4d84-a9aa-9cd95ab99fc5,2053.8,2,1026.9,62,975,0.0006315686980676208
3513e29b-4cf8-4994-a76d-c1e531a82483,2037.0,26,78.34615384615384,0,976,0.0006264024919484583
3cbcbd70-5cb1-4b78-b757-5098e9cb5a9e,2034.2,2,1017.1,97,977,0.0006255414575952645
134b59a6-1e1e-49f5-8d32-0f5514c29cec,2000.6,3,666.8666666666667,62,978,0.0006152090453569394
b3052ab6-d900-4cd5-80ce-9bc43798487b,1996.4,2,998.2,97,979,0.0006139174938271488
ccc9e85c-aad5-4b74-9bcf-f76c07ef4053,1968.3999999999999,11,178.94545454545454,16,980,0.0006053071502952112
8a75a6fe-5b61-45dd-a711-aea632a5905a,1960.0,2,980.0,7,981,0.0006027240472356299
6da21466-265a-45d7-add9-d22a82d2615e,1950.2,5,390.04,9,982,0.0005997104269994518
c43f248e-5f89-456e-8928-3b7deecc5513,1934.8,1,1934.8,101,983,0.0005949747380568861
eaf5aeeb-0b8d-44b2-9638-823ea657046e,1932.0,1,1932.0,402,984,0.0005941137037036924
b4031522-30fe-4556-a835-31199379c685,1932.0,1,1932.0,496,984,0.0005941137037036924
a612071b-995d-488a-8fea-93b2fb0ba9d9,1908.2,48,39.75416666666667,386,986,0.0005867949117015455
c540e177-5db5-4af4-93c2-e19f8f315f76,1892.8,29,65.26896551724138,10,987,0.0005820592227589797
63a73303-24e9-40ae-bf02-b3ad86826d8d,1869.0,20,93.45,220,988,0.0005747404307568329
88cd8d8b-2e53-43cf-a7aa-59c7a769ed4d,1848.0,1,1848.0,191,989,0.0005682826731078797
7d0b5318-f23c-4488-a536-be007c42af45,1848.0,26,71.07692307692308,1,989,0.0005682826731078797
5344cf5d-4ed6-46ed-b9f4-cdc3a43fd071,1814.3999999999999,3,604.8,196,991,0.0005579502608695546
29a0680c-9e07-448d-a396-e47b9ad687cd,1785.0,44,40.56818181818182,163,992,0.0005489094001610201
a80253e1-2e80-4fb2-8c09-638195c29b67,1738.8,2,869.4,43,993,0.000534702333333323
0eecd9d5-12ce-431b-bde5-1a2465b30280,1703.8,11,154.89090909090908,211,994,0.0005239394039184012
75577dc0-33c5-4426-a83a-bfa4a209f1cb,1691.2,3,563.7333333333333,7,995,0.0005200647493290293
80a59620-3446-40b4-a58b-994b19bbe48c,1680.0,1,1680.0,197,996,0.0005166206119162543
22cf2fcc-643c-4a5e-bd8f-055b9b925f58,1680.0,1,1680.0,197,996,0.0005166206119162543
8aab02d6-9bbc-44ac-8601-cd741577435a,1624.0,15,108.26666666666667,3,998,0.000499399924852379
f22f8109-7481-414e-96e7-28f480a5468f,1624.0,1,1624.0,134,998,0.000499399924852379
63ff3a6a-da6d-4bde-a316-ba19e138f934,1622.6,1,1622.6,111,1000,0.0004989694076757822
1baf74cc-fc38-4a1d-a222-70bebc41996a,1610.0,3,536.6666666666666,16,1001,0.0004950947530864102
bf7a440d-04b4-4f3b-bfdd-437526d29b8e,1610.0,3,536.6666666666666,16,1001,0.0004950947530864102
abe3ff62-c178-4dc5-849c-894a4d4b5056,1604.4,35,45.84,1,1003,0.0004933726843800229
cab563f1-0ad9-4421-ad8e-97c327fa1101,1596.0,2,798.0,118,1004,0.0004907895813204415
eaf278b5-6c76-4cad-9512-63d49cd09014,1589.0,1,1589.0,43,1005,0.0004886369954374572
7488e452-edef-41b6-9495-a9a9e53017ca,1580.6000000000001,19,83.18947368421054,494,1006,0.0004860538923778759
26c56883-f3b3-4a24-8d61-9f6a67fc69a4,1568.0,3,522.6666666666666,9,1007,0.0004821792377885039
e76a6dcc-3a43-42eb-b699-31943d7adfe6,1562.4,1,1562.4,184,1008,0.00048045716908211647
5bd12136-a4dc-4455-b629-8e9733ce628b,1561.0,1,1561.0,189,1009,0.00048002665190551957
034e4134-26a2-4b81-9063-0e0435259b9c,1556.8,1,1556.8,496,1010,0.00047873510037572893
3618dfa5-29fe-4e1b-8a83-6f1cf9104520,1552.6,1,1552.6,111,1011,0.0004774435488459383
90603862-6577-463d-ac88-0f1b818da8ec,1540.0,1,1540.0,189,1012,0.0004735688942565664
3056bb4b-6a6a-43a9-acab-7e35549d30b4,1526.0,1,1526.0,189,1013,0.00046926372249059755
9e1c5c96-0940-4c9c-9f73-88ae04d28614,1520.4,1,1520.4,115,1014,0.0004675416537842101
933dba9f-70f9-4b33-b077-220b7fd6877c,1514.8,2,757.4,97,1015,0.0004658195850778226
516aa670-aef5-45bf-a829-fb36a73ce17a,1512.0,1,1512.0,115,1017,0.0004649585507246288
204a2c45-ac50-418f-b670-c7e4b2007302,1512.0,2,756.0,140,1017,0.0004649585507246288
a9376e35-1c49-49e3-bfda-3f4986f6afdb,1512.0,1,1512.0,189,1017,0.0004649585507246288
55adec96-436e-4e93-8314-72b6ba6cb018,1489.6,30,49.65333333333333,493,1019,0.00045807027589907874
ac9b9125-0209-432e-a5a4-2fcab6a954c1,1485.4,10,148.54000000000002,211,1020,0.00045677872436928815
0959bfa5-0d2a-4f5f-8864-5ee88f2d4bac,1472.8,10,147.28,0,1021,0.0004529040697799162
a99a3e6a-e0e1-4d1a-a917-4227b67ecc46,1471.4,1,1471.4,134,1022,0.0004524735526033194
cbe3e93d-0c82-454c-b49b-6a24bf336650,1470.0,1,1470.0,380,1023,0.00045204303542672244
393ed47e-20a6-4254-9f10-c77c00f8e5e1,1449.0,1,1449.0,133,1024,0.00044558527777776923
84391146-0cc4-463e-8765-6077be33b03a,1442.0,8,180.25,256,1025,0.0004434326918947849
1e459411-ff01-48dc-9c80-e7852d8e0297,1440.6,1,1440.6,436,1026,0.000443002174718188
135e408c-bcba-4e0d-ae9b-345a5735410d,1400.0,1,1400.0,318,1030,0.00043051717659687856
49961bf8-131e-4429-8a20-c162a9b0131b,1400.0,5,280.0,338,1030,0.00043051717659687856
886b6cde-a80c-4136-8a07-da110904967d,1400.0,1,1400.0,347,1030,0.00043051717659687856
a6945d49-2f81-45b4-a0ea-a76a8abda536,1400.0,1,1400.0,379,1030,0.00043051717659687856
134754ef-e125-4478-9968-6bd84d38600b,1400.0,1,1400.0,164,1030,0.00043051717659687856
0767e67f-4e28-4f90-952e-ecdf3dbbe644,1400.0,1,1400.0,380,1030,0.00043051717659687856
d8609365-fa2d-40cc-804b-3f6c69b647ea,1400.0,1,1400.0,210,1030,0.00043051717659687856
bdea6f2b-dd5a-4d49-8937-f538812ac149,1379.0,13,106.07692307692308,1,1034,0.00042405941894792536
edfd63f3-3cc4-4176-ac1e-24b3d98803bf,1344.0,1,1344.0,184,1035,0.0004132964895330034
06702c0d-093c-4205-b709-bff974a4f78d,1321.6,1,1321.6,199,1036,0.00040640821470745334
cb18e2c4-c3f5-47d0-8529-4fc431b77250,1246.0,1,1246.0,133,1037,0.0003831602871712219
0b3e252d-2ecd-4cde-9369-f8ee953168e7,1234.8000000000002,2,617.4000000000001,443,1038,0.0003797161497584469
ba94e9f0-9a94-461b-93dc-155aa78dec25,1232.0,10,123.2,366,1039,0.0003788551154052531
a36a070b-cac8-41d4-9d01-3f940fcee262,1223.6,7,174.79999999999998,13,1040,0.00037627201234567177
48a29b2b-5f5c-47df-a214-289c3b314556,1220.8,6,203.46666666666667,13,1041,0.0003754109779924781
dbae576f-6290-4661-9f46-9880fcff7c58,1218.0,2,609.0,269,1042,0.00037454994363928434
4b7e0d88-c065-4621-97ac-c44851fec061,1215.2,2,607.6,7,1043,0.00037368890928609055
e8fcb936-93eb-4882-93f0-333375f2956d,1209.6,1,1209.6,69,1044,0.000371966840579703
717ea639-fe7c-4ee6-a84f-bd1ec46b5a90,1197.0,1,1197.0,449,1045,0.00036809218599033114
bc0566d8-349b-493a-a021-8052bbeaac87,1188.6,8,148.575,36,1046,0.00036550908293074986
4537fb19-0890-47b4-bee4-bfcf25f828c5,1176.0,5,235.2,9,1047,0.00036163442834137794
dc5e00fb-938e-4a06-85c5-c41a3f6ff918,1176.0,5,235.2,9,1047,0.00036163442834137794
cdb1717b-1944-4f00-9637-170c4e6e9f9e,1157.8,17,68.10588235294118,1,1049,0.0003560377050456185
3f65bea8-be00-4dfe-b1a7-4814c28343a3,1141.0,38,30.026315789473685,414,1050,0.000350871498926456
5c8daf31-d157-436c-ba1f-49586d5dc7a0,1124.2,31,36.26451612903226,0,1051,0.00034570529280729346
fb3d4e2f-e88f-43c2-8331-ff151bcbde98,1120.0,1,1120.0,210,1052,0.0003444137412775028
379a8e13-d930-4da3-9ae2-f7a171e3048b,1108.8,1,1108.8,57,1053,0.0003409696038647278
0d88b153-60d1-471f-b13c-a2d6f5a64375,1100.4,1,1100.4,69,1054,0.0003383865008051465
151825a4-9de1-4f7d-8752-8e61fbb07b3b,1097.6,33,33.26060606060606,388,1055,0.0003375254664519527
3657a60d-878d-49f0-a61d-3fe00cf567a1,1078.0,1,1078.0,203,1056,0.0003314982259795965
d93fb56a-bb76-4e9b-a6e7-534150b5d38c,1071.0,1,1071.0,198,1057,0.0003293456400966121
6d946d71-3031-42c9-b2f7-330c66eb0f99,1047.2,2,523.6,45,1058,0.00032202684809446515
b3276cc1-5204-4dff-a4be-b8df4cda8dc2,994.0,1,994.0,133,1059,0.0003056671953837838
ff4730bf-ee3b-4f8f-9b50-ac1a76890f15,980.0,1,980.0,38,1061,0.00030136202361781496
049eb098-8838-4e82-a78b-ff0809a94c53,980.0,1,980.0,196,1061,0.00030136202361781496
77fcb349-a806-4e16-b4ec-767b2147da5a,980.0,4,245.0,0,1061,0.00030136202361781496
70bd1ba1-8ced-4ad5-9136-1f9a42033f09,960.4,1,960.4,374,1063,0.00029533478314545865
19051c23-1d3c-4cc2-9d47-e4b908c0733b,943.6,1,943.6,191,1064,0.00029016857702629615
63f0f275-7101-482f-a200-42c818550968,932.4,1,932.4,7,1065,0.00028672443961352107
c8c82748-5f70-4487-988a-8a60df314edd,887.6,1,887.6,252,1066,0.000272947889962421
1108349f-c840-4a25-974a-8d0493ad4a17,859.5999999999999,2,429.79999999999995,140,1067,0.0002643375464304834
c42b21f0-5dd8-41e9-a07d-b2b43280f699,841.4,29,29.013793103448275,22,1068,0.000258740823134724
06c2d4ca-697b-4254-95b7-c768884cb5b3,840.0,3,280.0,246,1069,0.00025831030595812715
404a171f-e631-43d8-bd77-a7f6a237ed69,837.2,51,16.415686274509806,127,1070,0.00025744927160493335
8bc31233-be4a-4089-b6dd-1017f72b9d5e,820.4,1,820.4,374,1071,0.0002522830654857708
0793d35b-a8fe-44f0-8715-bbb5698d1e0d,789.6,1,789.6,49,1072,0.0002428116876006395
91e75c21-4082-41a3-8308-b730ebe3c6eb,763.0,4,190.75,36,1073,0.00023463186124529878
ba5306d2-8391-41fe-81b5-66926e70e7f2,756.0,1,756.0,69,1074,0.0002324792753623144
ff3f8b64-5316-445f-925b-d632e6450132,756.0,55,13.745454545454546,2,1074,0.0002324792753623144
08b1b2e8-48a0-48f7-9b52-67132c7581fa,743.4,14,53.1,48,1076,0.00022860462077294247
a1f4b080-5b2b-4f9f-bc47-b9afb29e2133,739.2,1,739.2,57,1077,0.00022731306924315186
ee8090ff-a2ee-45a6-ab03-fcd292b6261d,739.2,1,739.2,69,1077,0.00022731306924315186
f4d9f4f6-4833-42ea-b8c8-7e85246f0d6a,733.6,18,40.75555555555556,14,1079,0.00022559100053676437
e6659a69-ed21-48a7-bddb-292c337560a1,718.2,1,718.2,16,1080,0.00022085531159419868
42e1d676-c6f8-444f-9d49-5f3744586934,716.8,1,716.8,199,1081,0.00022042479441760179
cdedc6c5-fbaf-4a5a-8eaf-57077ac3a178,702.1,3,234.03333333333333,205,1082,0.0002159043640633346
7813db80-022e-4b91-b9f1-b2bb54843ab8,700.0,1,700.0,199,1083,0.00021525858829843928
06d3ca38-e4fe-45ab-a72b-f3693113784c,699.58,1,699.58,280,1084,0.00021512943314546022
bee0cb13-d553-4658-bf0a-535253d1a377,694.4,1,694.4,141,1085,0.00021353651959205174
b8bc6920-fca2-44ba-98cc-75fc24a75bb9,683.2,1,683.2,73,1086,0.00021009238217927674
a30d7f7d-9a94-4d8e-a203-7141e23ac07f,672.0,1,672.0,141,1087,0.0002066482447665017
bad051e3-46fb-4367-8982-c89cb128d7ee,652.4,2,326.2,24,1088,0.0002006210042941454
ae814e9c-8368-4c43-a8c8-afc49ceaf480,645.267,15,43.0178,23,1089,0.00019842751927938432
3cbb3a93-e1b0-44f3-bb02-c9615a1c3fc3,638.4,1,638.4,7,1090,0.0001963158325281766
a91925fe-4b8a-4826-b52b-cdea3125abdd,631.4,32,19.73125,50,1091,0.00019416324664519222
38c700d7-d01c-4438-a11c-fe02962ce71c,631.4,13,48.56923076923077,323,1091,0.00019416324664519222
bb2ba635-9c80-4c7c-bc8a-18f85cf3412a,616.0,34,18.11764705882353,136,1093,0.00018942755770262655
24bf854e-75e6-48b3-90cf-240fcb55f019,604.8000000000001,6,100.80000000000001,410,1094,0.00018598342028985153
0eb8359b-483f-4987-bfdb-1872b26f1d28,593.6,12,49.46666666666667,0,1095,0.0001825392828770765
0b27424e-ad33-4473-b01a-cf79f46403a3,585.2,2,292.6,7,1096,0.00017995617981749523
88e60bf8-87ae-4605-85a7-62a3b5259dc4,585.2,3,195.0666666666667,7,1096,0.00017995617981749523
e3580aa2-6fd1-4777-b1d0-0865621175ad,578.2,2,289.1,16,1098,0.00017780359393451084
9ca93ab3-1679-465b-ad79-56493cb9d139,571.2,1,571.2,141,1099,0.00017565100805152646
2ceb529c-a376-4de2-9c6c-12ffd3d72d93,567.0,1,567.0,284,1100,0.0001743594565217358
1442e003-551d-49f6-a614-bb491be8e622,560.0,1,560.0,141,1102,0.0001722068706387514
2ce0e554-f088-4f44-8f15-2923540090c7,560.0,2,280.0,17,1102,0.0001722068706387514
7974678f-ddef-4a46-9c00-09164dba7ef2,560.0,1,560.0,97,1102,0.0001722068706387514
fd6deb8f-8e68-421e-b953-ff03a73a6955,560.0,1,560.0,97,1102,0.0001722068706387514
0cde7344-425c-4ad7-bb28-adf4645ec248,558.6,3,186.20000000000002,310,1105,0.00017177635346215454
c7866724-abb4-4747-8e70-2c8364c70d79,555.8,1,555.8,284,1106,0.00017091531910896077
c1d406ae-3422-4495-a08e-b924e8a5de7a,551.6,14,39.4,493,1107,0.00016962376757917016
7c24ac19-27d7-4ea8-977c-af065d537f8a,533.4,2,266.7,269,1108,0.00016402704428341073
65e7ce23-9ab8-46e1-a901-4398e7bcd602,532.0,1,532.0,70,1109,0.00016359652710681383
16bf7ae4-51c2-4fee-b60b-94614d34f294,504.0,1,504.0,524,1110,0.00015498618357487627
ac9e54a6-eca3-49af-bf6e-b38ba501d1d3,504.0,1,504.0,141,1110,0.00015498618357487627
6879d62e-8e7d-4f8d-9610-866af70c718a,492.8,27,18.251851851851853,2,1112,0.00015154204616210125
3898934c-6033-4486-a151-812fc35831eb,490.0,1,490.0,196,1113,0.00015068101180890748
715efa67-4c8b-4781-b930-acb84750e731,490.0,2,245.0,7,1113,0.00015068101180890748
668278af-6d60-4535-8a17-b2ce067a6ba7,484.4,1,484.4,38,1115,0.00014895894310251997
00d0ac89-6c8b-4b5f-be84-a100b883908f,480.2,1,480.2,191,1116,0.00014766739157272933
0f16b8c6-f57f-4afd-8fff-0e23fc15676a,476.0,1,476.0,141,1117,0.0001463758400429387
cee88dc1-24fa-4f0e-b37c-f85763773a98,470.4,6,78.39999999999999,85,1118,0.00014465377133655118
aad67e86-ed98-4420-a191-69e63db3f541,470.4,1,470.4,210,1118,0.00014465377133655118
a184e609-2a47-46b0-930d-128f692a8d88,448.0,1,448.0,73,1120,0.00013776549651100113
e232ec8c-d6ef-4417-ac24-52e9607d1bc4,447.083,1,447.083,156,1121,0.00013748350776033019
32b3dfef-d000-448a-bf88-2f5acc8a5da9,436.79999999999995,27,16.177777777777777,23,1122,0.00013432135909822608
dd8be982-3167-4113-b75b-f29158a5e445,433.342,3,144.44733333333332,17,1123,0.00013325798167203182
b11868d5-b0b4-4e66-9385-549ebc0627d6,433.23699999999997,5,86.64739999999999,70,1124,0.00013322569288378705
68a51ca7-1dd8-4aaa-8d47-3f590c7ea9d8,420.0,1,420.0,252,1125,0.00012915515297906357
b024528f-e767-4e2e-b955-bffca9eb0735,420.0,1,420.0,226,1125,0.00012915515297906357
b07e75ec-e439-4a09-a3a5-2ec0a200d327,411.6,2,205.8,8,1127,0.0001265720499194823
0440f4e8-d3e5-418c-9d9d-7c577e7c2bc3,406.0,1,406.0,24,1128,0.00012484998121309475
33ba22d1-d812-4c82-a147-9a2578ee1d7b,397.6,1,397.6,184,1129,0.0001222668781535135
ee8e6276-0dfb-4de1-b0f7-cb50b56f094d,364.0,2,182.0,24,1130,0.00011193446591518842
93aad060-5952-4263-aa42-3f0fa0b4a40f,357.14,1,357.14,255,1131,0.0001098249317498637
d32d376f-edca-4225-884c-f5e565fe1c4d,352.8,1,352.8,69,1132,0.00010849032850241341
2b07aa67-3419-4899-b71d-3aeab67c044e,350.0,3,116.66666666666667,17,1133,0.00010762929414921964
c7a0c94b-e932-40de-88a8-e5476bc0a242,316.4,1,316.4,192,1134,9.729688191089454e-05
000c4567-9127-4219-8388-5e80b5ca69f9,299.6,2,149.8,7,1135,9.213067579173201e-05
c93fcf19-50f7-4f58-bbb5-594b256ea027,294.0,1,294.0,24,1136,9.040860708534448e-05
44cf4895-c60e-4dc7-b542-0440390dda56,292.6,1,292.6,38,1137,8.997808990874761e-05
dbd89b69-e9d5-44cb-825e-869fea229732,288.4,1,288.4,141,1138,8.868653837895697e-05
2b3a2290-7d45-4283-9713-c12b365049d7,280.0,1,280.0,141,1139,8.61034353193757e-05
3a55c070-a596-452c-9383-7d8f3eac1d4a,277.2,19,14.589473684210526,2,1140,8.524240096618195e-05
8635e2fd-ad8a-4740-bde1-93f433e2c033,266.0,1,266.0,203,1141,8.179826355340691e-05
ff995a8b-9e6a-4dce-ac30-c024c6b7f1cd,261.8,1,261.8,184,1142,8.050671202361629e-05
be11587a-1e52-4121-8692-db7ed87d0b99,254.8,17,14.988235294117647,86,1143,7.835412614063189e-05
6b34d1e2-886b-4b52-8db8-18d667e6bb85,254.8,2,127.4,7,1143,7.835412614063189e-05
d307a2c4-1894-4151-8845-17b9f833fb6f,249.2,2,124.6,261,1145,7.663205743424438e-05
96912918-5f9f-4a9d-9f9b-18ec3464d626,240.8,1,240.8,198,1146,7.404895437466311e-05
409f8bc7-5436-4013-ad6e-8b4ebd89e1ee,232.4,5,46.480000000000004,310,1147,7.146585131508183e-05
953d3409-bc33-4a5b-8417-9785ceea598a,210.0,1,210.0,507,1149,6.457757648953179e-05
b172ff22-c033-4d8f-af4d-4fbc704f8839,210.0,1,210.0,85,1149,6.457757648953179e-05
273b3b94-5e05-4df4-a711-0ce3c3539006,210.0,1,210.0,73,1149,6.457757648953179e-05
15d484d4-7613-4f31-9420-e9500350a05d,184.8,1,184.8,69,1151,5.6828267310787965e-05
305512fd-5885-47b7-a176-7a122c4019e1,175.5124,1,175.5124,227,1152,5.397221636124427e-05
9710513e-7166-4a82-9fb6-b1edecd65528,144.2,25,5.768,1,1153,4.4343269189478487e-05
87d247ca-8f2d-4ecd-b257-121feccf86c3,140.0,1,140.0,24,1155,4.305171765968785e-05
588bb524-7a5c-4f5e-9d4f-0f88db4ae6f5,140.0,1,140.0,496,1155,4.305171765968785e-05
5a9846ea-d3bb-4736-90c7-0750ca3d9212,140.0,1,140.0,24,1155,4.305171765968785e-05
cd06c26c-0101-473b-96d0-becd564e29ab,140.0,1,140.0,373,1155,4.305171765968785e-05
96bf8130-6f00-4e56-bfc8-5772191c6712,128.8,1,128.8,219,1158,3.960758024691283e-05
72c8b7cd-5ffa-4322-877c-4f29877d7133,128.8,1,128.8,255,1158,3.960758024691283e-05
f01e6518-023b-4aaa-9120-59f7a17efe34,126.0,1,126.0,375,1160,3.874654589371907e-05
4a8e010e-be63-458d-88ea-ff1fad0697c6,126.0,1,126.0,196,1160,3.874654589371907e-05
5891d613-a377-44ef-b87d-f4a4356dd428,121.8,2,60.9,16,1162,3.7454994363928434e-05
cad6c56f-cae4-43e4-a924-dc7cc1cb4389,118.8712,1,118.8712,494,1163,3.655435243048776e-05
bd73ca0c-fc8b-4fa8-a817-e51c6ed21de6,109.9,1,109.9,476,1164,3.379559836285497e-05
028b3264-1684-4e80-86e3-73d1a6ff494e,105.0,1,105.0,191,1165,3.228878824476589e-05
a3aa4d8f-1b79-4720-899d-14b5d2e5e0b7,100.8,2,50.4,358,1166,3.099723671497525e-05
44a71c27-78d4-46ff-b4bf-12536e7b1fc1,84.0,1,84.0,118,1167,2.5831030595812712e-05
643cb83e-d254-437e-80ab-73c77cd4c08e,77.0,2,38.5,76,1168,2.367844471282832e-05
f06709c5-da8b-4f1f-b929-b16472c9496d,56.0,3,18.666666666666668,347,1169,1.722068706387514e-05
8e263f30-6678-467f-97b6-314f8469bc40,51.8,2,25.9,333,1170,1.5929135534084504e-05
348c7123-a82e-4b87-a78a-26515182a196,42.0,2,21.0,380,1171,1.2915515297906356e-05
e2249df0-bb55-4086-9cbb-3a175474d402,37.8,1,37.8,476,1172,1.1623963768115719e-05
55f3285c-83f5-433d-8ade-edd304e583e2,35.0,2,17.5,487,1173,1.0762929414921963e-05
4d8bc75b-a61d-4929-b90d-4c787ac572e8,34.9958,1,34.9958,134,1174,1.0761637863392172e-05
a7d2dc2e-337e-49d8-9cd6-0b7baddb9f72,33.6,1,33.6,545,1175,1.0332412238325085e-05
7fe18b6f-cfa6-4347-92cc-56db433e2bd7,32.2,3,10.733333333333334,427,1176,9.901895061728208e-06
9216bb2b-d1db-439f-918a-4c027996991e,28.0,1,28.0,24,1178,8.61034353193757e-06
985d5c0b-ca0e-4763-ac11-f63b54490e06,28.0,2,14.0,373,1178,8.61034353193757e-06
7aecb3ed-2051-47b1-ae2a-3d7aea1b1cdc,28.0,2,14.0,395,1178,8.61034353193757e-06
007725ce-8b6f-4a83-b5f4-d968a443c76c,25.2,1,25.2,528,1180,7.749309178743813e-06
129084f2-f81f-4fd4-bf2c-4a4364cd3f8d,22.4,1,22.4,484,1181,6.888274825550056e-06
0e614aeb-baa3-40fb-aec9-46abe8b97e93,19.6,2,9.8,427,1182,6.0272404723563e-06
cda5074c-56f0-4dfd-aca1-c74e5bb36c68,17.08,1,17.08,399,1183,5.252309554481918e-06
c46717ef-60ab-48ef-8195-b3df89c2250c,15.4,2,7.7,302,1184,4.735688942565664e-06
ef5e1890-bd98-406f-b4ee-c69d858e1378,15.4,2,7.7,69,1184,4.735688942565664e-06
ee878023-d309-4240-bad1-25139db94e16,14.0,1,14.0,255,1187,4.305171765968785e-06
50baaf9d-0111-40b8-97f9-7fb8fe07500d,14.0,1,14.0,203,1187,4.305171765968785e-06
2af5fde6-dd21-4a88-bf4d-042dcbf9edea,14.0,1,14.0,504,1187,4.305171765968785e-06
7438857d-b0ad-4cbb-8a68-a1abed5a4cf2,14.0,1,14.0,225,1187,4.305171765968785e-06
0771c735-5f52-4ba5-98dd-a33b8d74ad08,6.65,2,3.325,429,1190,2.044956588835173e-06
95e2b824-01eb-46b1-a49c-64028eb53a05,5.7946,1,5.7946,225,1191,1.78191059393448e-06
771becab-9e93-409c-b46b-d9955c8bcb32,5.6,2,2.8,184,1193,1.722068706387514e-06
a5651698-558f-4df1-be7f-3ba2e9a77c66,5.6,1,5.6,476,1193,1.722068706387514e-06
26f60e26-cedf-4ae5-b455-38e34e0b406e,5.6,1,5.6,417,1193,1.722068706387514e-06
aea29891-ba12-4c92-bc6d-609ef1dca0b0,5.6,2,2.8,184,1193,1.722068706387514e-06
13a14598-094c-4b01-9e7f-b2e5a3dbd45e,5.32,2,2.66,476,1196,1.6359652710681385e-06
5481a0df-2d07-4447-9909-85018d95299a,4.1482,1,4.1482,288,1197,1.275622394256551e-06
2b979ed9-44d7-4ec0-876c-17578519b412,3.1304,2,1.5652,476,1198,9.626364068706203e-07
67ea8a71-86b9-42f8-a481-2a1f41a72a1f,2.8,1,2.8,367,1215,8.61034353193757e-07
6a6158bf-00d0-4482-84ec-79044f48d629,2.8,1,2.8,184,1215,8.61034353193757e-07
683a054b-a047-4783-b51b-f9d49a425220,2.8,1,2.8,365,1215,8.61034353193757e-07
6652ca5e-7756-406d-be27-4204e144868b,2.8,1,2.8,198,1215,8.61034353193757e-07
effeb7ca-f637-4c81-9ae7-1472542e3d39,2.8,1,2.8,476,1215,8.61034353193757e-07
453744af-52d1-45e0-b33f-0ee84e895c4e,2.8,1,2.8,368,1215,8.61034353193757e-07
4fcc49eb-2ed8-45f1-ac1e-7007fdd3f9df,2.8,1,2.8,255,1215,8.61034353193757e-07
ee601fdc-59e2-40df-ad26-549f506d2807,2.8,1,2.8,367,1215,8.61034353193757e-07
116ee3fc-780b-40ba-a265-fd05486e7390,2.8,1,2.8,365,1215,8.61034353193757e-07
f945ee2b-37c8-438d-801f-78d678a7075d,2.8,1,2.8,255,1215,8.61034353193757e-07
97ba5cc4-9382-44d7-b0da-c4aa32594c3c,2.8,1,2.8,494,1215,8.61034353193757e-07
98a13be8-1d78-4abd-abe5-8666b0b36c9b,2.8,1,2.8,184,1215,8.61034353193757e-07
5f52437d-9073-4aba-9997-887689bf40b2,2.8,1,2.8,367,1215,8.61034353193757e-07
ce748863-275f-4e05-91dc-023d7aa95af0,2.8,1,2.8,263,1215,8.61034353193757e-07
48763e7b-5d49-43be-9eff-ab547b78a258,2.8,1,2.8,367,1215,8.61034353193757e-07
5184537e-3d00-4dca-8908-23fa17da3c49,2.8,1,2.8,255,1215,8.61034353193757e-07
c7f426b3-64ec-45a7-b0a2-18e3c92e3252,2.8,1,2.8,367,1215,8.61034353193757e-07
d0559053-3aec-494b-84f6-772722e12061,2.8,1,2.8,365,1215,8.61034353193757e-07
1b632f88-2ad7-4edc-a257-feaf6945b666,2.8,1,2.8,367,1215,8.61034353193757e-07
d08415ef-bc36-4c92-a73a-123c1a72dea6,2.8,1,2.8,368,1215,8.61034353193757e-07
5d9b72e7-6001-4e9c-8729-a50c01f3c9ae,2.8,1,2.8,540,1215,8.61034353193757e-07
710b4f46-8146-43ed-aac6-8db0b088a5af,2.8,1,2.8,263,1215,8.61034353193757e-07
9cca9c7c-addc-423e-b5b0-6ef3f928dead,2.8,1,2.8,1,1215,8.61034353193757e-07
7c0ff12e-f1b7-4e50-b6a7-c861c52ca069,2.8,1,2.8,255,1215,8.61034353193757e-07
37650b36-f7e2-42d1-8f47-d43ae0c1bec1,2.8,1,2.8,368,1215,8.61034353193757e-07
b975cb88-dd7a-4e77-84b9-bc4def149952,2.8,1,2.8,494,1215,8.61034353193757e-07
628d5dff-4a76-4fee-b84f-5fd664f2858e,2.8,1,2.8,170,1215,8.61034353193757e-07
33fad906-3be8-48bb-bcd2-9c33a7a25a26,2.8,1,2.8,367,1215,8.61034353193757e-07
65d00208-05e4-4e15-91aa-c5ddcbbacc05,2.8,1,2.8,368,1215,8.61034353193757e-07
6f4332a6-0bd7-4429-9d54-ca5b220115e7,2.8,1,2.8,1,1215,8.61034353193757e-07
70f1ae0b-ba91-4aaf-84bd-e35720a3c408,2.8,1,2.8,365,1215,8.61034353193757e-07
a7cb1ff0-14c8-49bb-9a7b-bb9f52e05df3,2.8,1,2.8,367,1215,8.61034353193757e-07
ad5f13be-2e03-4273-9b16-3d073e2a7970,2.8,1,2.8,540,1215,8.61034353193757e-07
62103704-9359-48aa-86a9-6afc0f35812c,2.8,1,2.8,540,1215,8.61034353193757e-07
2bbb4028-d8d0-44a9-8d84-3c2b3248e7f7,1.4,1,1.4,448,1233,4.305171765968785e-07
c7b43dec-0b9b-4938-98e5-b3473a055442,1.4,1,1.4,150,1233,4.305171765968785e-07
8cff989c-3ab6-4880-9d69-ee4ec14ef929,0.84,1,0.84,298,1235,2.583103059581271e-07
